question_id,stage,sub_category,answer
Q0001,진료개시,greeting,"네, 안녕하세요."
Q0001,진료개시,greeting,"안녕하세요, 처음 왔습니다."
Q0001,진료개시,greeting,"네, 진료 받으러 왔습니다."
Q0001,진료개시,greeting,"안녕하세요, 예약하고 왔어요."
Q0002,진료개시,identity,김민수입니다.
Q0002,진료개시,identity,이영희입니다.
Q0002,진료개시,identity,박준호입니다.
Q0002,진료개시,identity,최수진입니다.
Q0002,진료개시,identity,홍길동입니다.
Q0003,진료개시,chief_complaint,무릎이 아파서 병원에 왔었어요.
Q0003,진료개시,chief_complaint,허리가 아파서 왔어요.
Q0003,진료개시,chief_complaint,다리가 불편해서 왔어요.
Q0003,진료개시,chief_complaint,손가락이 아파서 왔어요.
Q0003,진료개시,chief_complaint,엉치가 아파가지고 왔어요.
Q0003,진료개시,chief_complaint,발 통증이 너무 심해서 왔어요.
Q0003,진료개시,chief_complaint,허리하고 명치가 계속 아파서 왔어요.
Q0003,진료개시,chief_complaint,목이 뻐근해서 왔습니다.
Q0003,진료개시,chief_complaint,무릎이 아파서 왔어요.
Q0003,진료개시,chief_complaint,어깨가 잘 안 올라가서 왔어요.
Q0003,진료개시,chief_complaint,다리가 저려서 왔습니다.
Q0003,진료개시,chief_complaint,엉치가 쑤셔서 왔어요.
Q0003,진료개시,chief_complaint,발바닥이 화끈거려서 왔습니다.
Q0003,진료개시,chief_complaint,손가락이 붓고 아파서 왔어요.
Q0003,진료개시,chief_complaint,대상포진 이후로 통증이 남아서 왔습니다.
Q0003,진료개시,chief_complaint,교통사고 후 허리가 계속 불편해서 왔어요.
Q0003,진료개시,chief_complaint,팔꿈치가 찌릿해서 왔습니다.
Q0003,진료개시,chief_complaint,고개를 돌리면 목이 아파서 왔어요.
Q0003,진료개시,chief_complaint,계단 내려갈 때 무릎이 아파서 왔어요.
Q0003,진료개시,chief_complaint,오래 앉아 있으면 허리가 아파서 왔습니다.
Q0004,진료개시,chief_complaint,무릎이 아파서 병원에 왔었어요.
Q0004,진료개시,chief_complaint,허리가 아파서 왔어요.
Q0004,진료개시,chief_complaint,다리가 불편해서 왔어요.
Q0004,진료개시,chief_complaint,손가락이 아파서 왔어요.
Q0004,진료개시,chief_complaint,엉치가 아파가지고 왔어요.
Q0004,진료개시,chief_complaint,발 통증이 너무 심해서 왔어요.
Q0004,진료개시,chief_complaint,허리하고 명치가 계속 아파서 왔어요.
Q0004,진료개시,chief_complaint,목이 뻐근해서 왔습니다.
Q0004,진료개시,chief_complaint,무릎이 아파서 왔어요.
Q0004,진료개시,chief_complaint,어깨가 잘 안 올라가서 왔어요.
Q0004,진료개시,chief_complaint,다리가 저려서 왔습니다.
Q0004,진료개시,chief_complaint,엉치가 쑤셔서 왔어요.
Q0004,진료개시,chief_complaint,발바닥이 화끈거려서 왔습니다.
Q0004,진료개시,chief_complaint,손가락이 붓고 아파서 왔어요.
Q0004,진료개시,chief_complaint,대상포진 이후로 통증이 남아서 왔습니다.
Q0004,진료개시,chief_complaint,교통사고 후 허리가 계속 불편해서 왔어요.
Q0004,진료개시,chief_complaint,팔꿈치가 찌릿해서 왔습니다.
Q0004,진료개시,chief_complaint,고개를 돌리면 목이 아파서 왔어요.
Q0004,진료개시,chief_complaint,계단 내려갈 때 무릎이 아파서 왔어요.
Q0004,진료개시,chief_complaint,오래 앉아 있으면 허리가 아파서 왔습니다.
Q0005,진료개시,prior_treatment,대상포진 후 신경통으로 경막외 신경차단술을 받았어요.
Q0005,진료개시,prior_treatment,물리치료를 받았습니다.
Q0005,진료개시,prior_treatment,도수치료를 몇 번 받았어요.
Q0005,진료개시,prior_treatment,신경차단술을 받았습니다.
Q0005,진료개시,prior_treatment,주사치료를 맞아봤어요.
Q0005,진료개시,prior_treatment,체외충격파를 받았습니다.
Q0005,진료개시,prior_treatment,약물치료만 했어요.
Q0005,진료개시,prior_treatment,한의원에서 침을 맞았습니다.
Q0005,진료개시,prior_treatment,정형외과에서 엑스레이를 찍었어요.
Q0005,진료개시,prior_treatment,MRI를 찍고 디스크라고 들었습니다.
Q0005,진료개시,prior_treatment,아직 치료받은 적은 없습니다.
Q0005,진료개시,prior_treatment,개인병원에서 근이완제를 처방받았습니다.
Q0006,통증 부위,location,허리가 아파요
Q0006,통증 부위,location,다리가 제일 불편해요
Q0006,통증 부위,location,어깨가 불편합니다.
Q0006,통증 부위,location,허리도 아프고 손가락도 아파요.
Q0006,통증 부위,location,발이 아파서 운동화를 못 신어요
Q0006,통증 부위,location,"전에는 손쪽이 붓고 막 아팠는데 지금 발쪽, 발가락 쪽까지 쑤시거든요"
Q0006,통증 부위,location,다리가 붓는건 없는데 시리고 아파요.
Q0006,통증 부위,location,허리가 제일 아파요.
Q0006,통증 부위,location,목 뒤가 제일 불편합니다.
Q0006,통증 부위,location,오른쪽 어깨가 아파요.
Q0006,통증 부위,location,왼쪽 무릎이 제일 아픕니다.
Q0006,통증 부위,location,엉치 쪽이 쑤십니다.
Q0006,통증 부위,location,허벅지 뒤쪽이 당겨요.
Q0006,통증 부위,location,종아리 바깥쪽이 저립니다.
Q0006,통증 부위,location,발바닥 앞쪽이 화끈거려요.
Q0006,통증 부위,location,손목 안쪽이 아파요.
Q0006,통증 부위,location,손가락 마디가 붓고 아픕니다.
Q0006,통증 부위,location,갈비뼈 아래쪽이 아파요.
Q0006,통증 부위,location,꼬리뼈가 앉을 때 아픕니다.
Q0006,통증 부위,location,발목 바깥쪽이 시큰거립니다.
Q0007,통증 부위,location,허리가 아파요
Q0007,통증 부위,location,다리가 제일 불편해요
Q0007,통증 부위,location,어깨가 불편합니다.
Q0007,통증 부위,location,허리도 아프고 손가락도 아파요.
Q0007,통증 부위,location,발이 아파서 운동화를 못 신어요
Q0007,통증 부위,location,"전에는 손쪽이 붓고 막 아팠는데 지금 발쪽, 발가락 쪽까지 쑤시거든요"
Q0007,통증 부위,location,다리가 붓는건 없는데 시리고 아파요.
Q0007,통증 부위,location,허리가 제일 아파요.
Q0007,통증 부위,location,목 뒤가 제일 불편합니다.
Q0007,통증 부위,location,오른쪽 어깨가 아파요.
Q0007,통증 부위,location,왼쪽 무릎이 제일 아픕니다.
Q0007,통증 부위,location,엉치 쪽이 쑤십니다.
Q0007,통증 부위,location,허벅지 뒤쪽이 당겨요.
Q0007,통증 부위,location,종아리 바깥쪽이 저립니다.
Q0007,통증 부위,location,발바닥 앞쪽이 화끈거려요.
Q0007,통증 부위,location,손목 안쪽이 아파요.
Q0007,통증 부위,location,손가락 마디가 붓고 아픕니다.
Q0007,통증 부위,location,갈비뼈 아래쪽이 아파요.
Q0007,통증 부위,location,꼬리뼈가 앉을 때 아픕니다.
Q0007,통증 부위,location,발목 바깥쪽이 시큰거립니다.
Q0008,통증 부위,location,허리가 제일 아파요.
Q0008,통증 부위,location,목 뒤가 제일 불편합니다.
Q0008,통증 부위,location,오른쪽 어깨가 아파요.
Q0008,통증 부위,location,왼쪽 무릎이 제일 아픕니다.
Q0008,통증 부위,location,엉치 쪽이 쑤십니다.
Q0008,통증 부위,location,허벅지 뒤쪽이 당겨요.
Q0008,통증 부위,location,종아리 바깥쪽이 저립니다.
Q0008,통증 부위,location,발바닥 앞쪽이 화끈거려요.
Q0008,통증 부위,location,손목 안쪽이 아파요.
Q0008,통증 부위,location,손가락 마디가 붓고 아픕니다.
Q0008,통증 부위,location,갈비뼈 아래쪽이 아파요.
Q0008,통증 부위,location,꼬리뼈가 앉을 때 아픕니다.
Q0008,통증 부위,location,발목 바깥쪽이 시큰거립니다.
Q0008,통증 부위,location,팔꿈치 바깥쪽이 찌릿합니다.
Q0008,통증 부위,location,턱관절 쪽이 씹을 때 아파요.
Q0009,통증 부위,location,허리가 제일 아파요.
Q0009,통증 부위,location,목 뒤가 제일 불편합니다.
Q0009,통증 부위,location,오른쪽 어깨가 아파요.
Q0009,통증 부위,location,왼쪽 무릎이 제일 아픕니다.
Q0009,통증 부위,location,엉치 쪽이 쑤십니다.
Q0009,통증 부위,location,허벅지 뒤쪽이 당겨요.
Q0009,통증 부위,location,종아리 바깥쪽이 저립니다.
Q0009,통증 부위,location,발바닥 앞쪽이 화끈거려요.
Q0009,통증 부위,location,손목 안쪽이 아파요.
Q0009,통증 부위,location,손가락 마디가 붓고 아픕니다.
Q0009,통증 부위,location,갈비뼈 아래쪽이 아파요.
Q0009,통증 부위,location,꼬리뼈가 앉을 때 아픕니다.
Q0009,통증 부위,location,발목 바깥쪽이 시큰거립니다.
Q0009,통증 부위,location,팔꿈치 바깥쪽이 찌릿합니다.
Q0009,통증 부위,location,턱관절 쪽이 씹을 때 아파요.
Q0010,통증 부위,disc_or_muscle,디스크 있던 부위가 아픕니다.
Q0010,통증 부위,disc_or_muscle,주변 근육이 더 아픈 것 같아요.
Q0010,통증 부위,disc_or_muscle,허리 가운데보다 엉치가 더 아파요.
Q0010,통증 부위,disc_or_muscle,다리로 내려가는 통증이 더 큽니다.
Q0010,통증 부위,disc_or_muscle,수술한 자리 근처가 불편합니다.
Q0010,통증 부위,disc_or_muscle,근육통처럼 뻐근합니다.
Q0010,통증 부위,disc_or_muscle,디스크 쪽인지 근육인지 잘 모르겠습니다.
Q0010,통증 부위,disc_or_muscle,눌리는 느낌보다는 뭉친 느낌입니다.
Q0011,통증 부위,disc_or_muscle,디스크 있던 부위가 아픕니다.
Q0011,통증 부위,disc_or_muscle,주변 근육이 더 아픈 것 같아요.
Q0011,통증 부위,disc_or_muscle,허리 가운데보다 엉치가 더 아파요.
Q0011,통증 부위,disc_or_muscle,다리로 내려가는 통증이 더 큽니다.
Q0011,통증 부위,disc_or_muscle,수술한 자리 근처가 불편합니다.
Q0011,통증 부위,disc_or_muscle,근육통처럼 뻐근합니다.
Q0011,통증 부위,disc_or_muscle,디스크 쪽인지 근육인지 잘 모르겠습니다.
Q0011,통증 부위,disc_or_muscle,눌리는 느낌보다는 뭉친 느낌입니다.
Q0012,통증강도,pain_score,한 7점 정도 되는 것 같아요
Q0012,통증강도,pain_score,평소에는 5-6점 정도요. 하지만 통증이 극심할 때는 9-10점까지도 느껴요.
Q0012,통증강도,pain_score,지금은 3점 정도입니다.
Q0012,통증강도,pain_score,평소에는 5점 정도예요.
Q0012,통증강도,pain_score,움직이면 7점까지 올라갑니다.
Q0012,통증강도,pain_score,심할 때는 9점입니다.
Q0012,통증강도,pain_score,최고로 아플 때는 10점 같아요.
Q0012,통증강도,pain_score,참을 만하면 4점 정도입니다.
Q0012,통증강도,pain_score,밤에는 8점 정도로 심해져요.
Q0012,통증강도,pain_score,약 먹으면 2점 정도로 줄어요.
Q0012,통증강도,pain_score,가만히 있으면 1점 정도예요.
Q0012,통증강도,pain_score,계단 내려갈 때는 6점 정도입니다.
Q0013,통증강도,pain_score,한 7점 정도 되는 것 같아요
Q0013,통증강도,pain_score,평소에는 5-6점 정도요. 하지만 통증이 극심할 때는 9-10점까지도 느껴요.
Q0013,통증강도,pain_score,지금은 3점 정도입니다.
Q0013,통증강도,pain_score,평소에는 5점 정도예요.
Q0013,통증강도,pain_score,움직이면 7점까지 올라갑니다.
Q0013,통증강도,pain_score,심할 때는 9점입니다.
Q0013,통증강도,pain_score,최고로 아플 때는 10점 같아요.
Q0013,통증강도,pain_score,참을 만하면 4점 정도입니다.
Q0013,통증강도,pain_score,밤에는 8점 정도로 심해져요.
Q0013,통증강도,pain_score,약 먹으면 2점 정도로 줄어요.
Q0013,통증강도,pain_score,가만히 있으면 1점 정도예요.
Q0013,통증강도,pain_score,계단 내려갈 때는 6점 정도입니다.
Q0014,통증강도,pain_score,한 7점 정도 되는 것 같아요
Q0014,통증강도,pain_score,평소에는 5-6점 정도요. 하지만 통증이 극심할 때는 9-10점까지도 느껴요.
Q0014,통증강도,pain_score,지금은 3점 정도입니다.
Q0014,통증강도,pain_score,평소에는 5점 정도예요.
Q0014,통증강도,pain_score,움직이면 7점까지 올라갑니다.
Q0014,통증강도,pain_score,심할 때는 9점입니다.
Q0014,통증강도,pain_score,최고로 아플 때는 10점 같아요.
Q0014,통증강도,pain_score,참을 만하면 4점 정도입니다.
Q0014,통증강도,pain_score,밤에는 8점 정도로 심해져요.
Q0014,통증강도,pain_score,약 먹으면 2점 정도로 줄어요.
Q0014,통증강도,pain_score,가만히 있으면 1점 정도예요.
Q0014,통증강도,pain_score,계단 내려갈 때는 6점 정도입니다.
Q0015,통증강도,severity,너무 아파요.
Q0015,통증강도,severity,많이 아파요.
Q0015,통증강도,severity,조금 아파요
Q0015,통증강도,severity,통증이 심해요
Q0015,통증강도,severity,참을 만해요
Q0015,통증강도,severity,움직이기 힘들어요
Q0015,통증강도,severity,잠을 못 잘 정도로 아파요.
Q0015,통증강도,severity,계속 아픈 상태예요.
Q0015,통증강도,severity,가끔 많이 아파요
Q0015,통증강도,severity,참을 만해요.
Q0015,통증강도,severity,움직이기 힘들어요.
Q0015,통증강도,severity,일상생활이 어렵습니다.
Q0015,통증강도,severity,조금 불편한 정도입니다.
Q0015,통증강도,severity,걸을 때마다 심합니다.
Q0015,통증강도,severity,가끔 심해집니다.
Q0015,통증강도,severity,계속 신경 쓰일 정도입니다.
Q0016,통증강도,severity,참을 만해요.
Q0016,통증강도,severity,많이 아파요.
Q0016,통증강도,severity,너무 아파요.
Q0016,통증강도,severity,움직이기 힘들어요.
Q0016,통증강도,severity,잠을 못 잘 정도로 아파요.
Q0016,통증강도,severity,일상생활이 어렵습니다.
Q0016,통증강도,severity,조금 불편한 정도입니다.
Q0016,통증강도,severity,걸을 때마다 심합니다.
Q0016,통증강도,severity,가끔 심해집니다.
Q0016,통증강도,severity,계속 신경 쓰일 정도입니다.
Q0017,통증강도,severity,참을 만해요.
Q0017,통증강도,severity,많이 아파요.
Q0017,통증강도,severity,너무 아파요.
Q0017,통증강도,severity,움직이기 힘들어요.
Q0017,통증강도,severity,잠을 못 잘 정도로 아파요.
Q0017,통증강도,severity,일상생활이 어렵습니다.
Q0017,통증강도,severity,조금 불편한 정도입니다.
Q0017,통증강도,severity,걸을 때마다 심합니다.
Q0017,통증강도,severity,가끔 심해집니다.
Q0017,통증강도,severity,계속 신경 쓰일 정도입니다.
Q0018,통증 발생시점,onset,어제부터 되게 심하게 아프네요
Q0018,통증 발생시점,onset,오른쪽 무릎이 며칠 전부터 계속 시큰거리고 걸을 때마다 아프거든요.
Q0018,통증 발생시점,onset,1주일 전부터 발가락이 쑤시고 아파요.
Q0018,통증 발생시점,onset,허리 불편한 지는 2개월 정도 됐어요.
Q0018,통증 발생시점,onset,다리 통증은 한 10년도 넘었어요.
Q0018,통증 발생시점,onset,한달 전부터 갈비뼈 쪽이나 왼쪽 쪽으로 약간씩 아프더라고요.
Q0018,통증 발생시점,onset,조금씩 아프기 시작한 지가 한 1년 됐고요.
Q0018,통증 발생시점,onset,(교통)사고가 나고 나서부터 불편해졌지만 그땐 참을만했었는데.
Q0018,통증 발생시점,onset,저번에 약을 조금 바꿨는데 그 약을 먹고 나서부터 심장 쪽 주변이 되게 아프고요.
Q0018,통증 발생시점,onset,그때부터 꼬리뼈가 아프기 시작했어요
Q0018,통증 발생시점,onset,통증은 원래부터 있었는데 일주일 전부터 심해졌어요.
Q0018,통증 발생시점,onset,예전에도 아프긴 했는데 어제부터는 진짜 너무 아파요.
Q0018,통증 발생시점,onset,어제부터 심해졌어요.
Q0018,통증 발생시점,onset,3일 전부터 아팠습니다.
Q0018,통증 발생시점,onset,일주일 전부터 시작됐어요.
Q0018,통증 발생시점,onset,한 달 전부터 조금씩 아팠습니다.
Q0018,통증 발생시점,onset,2개월 정도 됐어요.
Q0018,통증 발생시점,onset,1년 넘게 반복됐습니다.
Q0018,통증 발생시점,onset,교통사고 이후부터 아팠어요.
Q0018,통증 발생시점,onset,무거운 물건 들고 나서 생겼어요.
Q0019,통증 발생시점,onset,어제부터 되게 심하게 아프네요
Q0019,통증 발생시점,onset,오른쪽 무릎이 며칠 전부터 계속 시큰거리고 걸을 때마다 아프거든요.
Q0019,통증 발생시점,onset,1주일 전부터 발가락이 쑤시고 아파요.
Q0019,통증 발생시점,onset,허리 불편한 지는 2개월 정도 됐어요.
Q0019,통증 발생시점,onset,다리 통증은 한 10년도 넘었어요.
Q0019,통증 발생시점,onset,한달 전부터 갈비뼈 쪽이나 왼쪽 쪽으로 약간씩 아프더라고요.
Q0019,통증 발생시점,onset,조금씩 아프기 시작한 지가 한 1년 됐고요.
Q0019,통증 발생시점,onset,(교통)사고가 나고 나서부터 불편해졌지만 그땐 참을만했었는데.
Q0019,통증 발생시점,onset,저번에 약을 조금 바꿨는데 그 약을 먹고 나서부터 심장 쪽 주변이 되게 아프고요.
Q0019,통증 발생시점,onset,그때부터 꼬리뼈가 아프기 시작했어요
Q0019,통증 발생시점,onset,통증은 원래부터 있었는데 일주일 전부터 심해졌어요.
Q0019,통증 발생시점,onset,예전에도 아프긴 했는데 어제부터는 진짜 너무 아파요.
Q0019,통증 발생시점,onset,어제부터 심해졌어요.
Q0019,통증 발생시점,onset,3일 전부터 아팠습니다.
Q0019,통증 발생시점,onset,일주일 전부터 시작됐어요.
Q0019,통증 발생시점,onset,한 달 전부터 조금씩 아팠습니다.
Q0019,통증 발생시점,onset,2개월 정도 됐어요.
Q0019,통증 발생시점,onset,1년 넘게 반복됐습니다.
Q0019,통증 발생시점,onset,교통사고 이후부터 아팠어요.
Q0019,통증 발생시점,onset,무거운 물건 들고 나서 생겼어요.
Q0020,통증 발생시점,onset,어제부터 되게 심하게 아프네요
Q0020,통증 발생시점,onset,오른쪽 무릎이 며칠 전부터 계속 시큰거리고 걸을 때마다 아프거든요.
Q0020,통증 발생시점,onset,1주일 전부터 발가락이 쑤시고 아파요.
Q0020,통증 발생시점,onset,허리 불편한 지는 2개월 정도 됐어요.
Q0020,통증 발생시점,onset,다리 통증은 한 10년도 넘었어요.
Q0020,통증 발생시점,onset,한달 전부터 갈비뼈 쪽이나 왼쪽 쪽으로 약간씩 아프더라고요.
Q0020,통증 발생시점,onset,조금씩 아프기 시작한 지가 한 1년 됐고요.
Q0020,통증 발생시점,onset,(교통)사고가 나고 나서부터 불편해졌지만 그땐 참을만했었는데.
Q0020,통증 발생시점,onset,저번에 약을 조금 바꿨는데 그 약을 먹고 나서부터 심장 쪽 주변이 되게 아프고요.
Q0020,통증 발생시점,onset,그때부터 꼬리뼈가 아프기 시작했어요
Q0020,통증 발생시점,onset,통증은 원래부터 있었는데 일주일 전부터 심해졌어요.
Q0020,통증 발생시점,onset,예전에도 아프긴 했는데 어제부터는 진짜 너무 아파요.
Q0020,통증 발생시점,onset,어제부터 심해졌어요.
Q0020,통증 발생시점,onset,3일 전부터 아팠습니다.
Q0020,통증 발생시점,onset,일주일 전부터 시작됐어요.
Q0020,통증 발생시점,onset,한 달 전부터 조금씩 아팠습니다.
Q0020,통증 발생시점,onset,2개월 정도 됐어요.
Q0020,통증 발생시점,onset,1년 넘게 반복됐습니다.
Q0020,통증 발생시점,onset,교통사고 이후부터 아팠어요.
Q0020,통증 발생시점,onset,무거운 물건 들고 나서 생겼어요.
Q0021,통증 발생시점,onset,어제부터 되게 심하게 아프네요
Q0021,통증 발생시점,onset,오른쪽 무릎이 며칠 전부터 계속 시큰거리고 걸을 때마다 아프거든요.
Q0021,통증 발생시점,onset,1주일 전부터 발가락이 쑤시고 아파요.
Q0021,통증 발생시점,onset,허리 불편한 지는 2개월 정도 됐어요.
Q0021,통증 발생시점,onset,다리 통증은 한 10년도 넘었어요.
Q0021,통증 발생시점,onset,한달 전부터 갈비뼈 쪽이나 왼쪽 쪽으로 약간씩 아프더라고요.
Q0021,통증 발생시점,onset,조금씩 아프기 시작한 지가 한 1년 됐고요.
Q0021,통증 발생시점,onset,(교통)사고가 나고 나서부터 불편해졌지만 그땐 참을만했었는데.
Q0021,통증 발생시점,onset,저번에 약을 조금 바꿨는데 그 약을 먹고 나서부터 심장 쪽 주변이 되게 아프고요.
Q0021,통증 발생시점,onset,그때부터 꼬리뼈가 아프기 시작했어요
Q0021,통증 발생시점,onset,통증은 원래부터 있었는데 일주일 전부터 심해졌어요.
Q0021,통증 발생시점,onset,예전에도 아프긴 했는데 어제부터는 진짜 너무 아파요.
Q0021,통증 발생시점,onset,어제부터 심해졌어요.
Q0021,통증 발생시점,onset,3일 전부터 아팠습니다.
Q0021,통증 발생시점,onset,일주일 전부터 시작됐어요.
Q0021,통증 발생시점,onset,한 달 전부터 조금씩 아팠습니다.
Q0021,통증 발생시점,onset,2개월 정도 됐어요.
Q0021,통증 발생시점,onset,1년 넘게 반복됐습니다.
Q0021,통증 발생시점,onset,교통사고 이후부터 아팠어요.
Q0021,통증 발생시점,onset,무거운 물건 들고 나서 생겼어요.
Q0022,통증 양상,quality,허리가 쑤시고 아파요
Q0022,통증 양상,quality,다리가 찌릿찌릿 저려요
Q0022,통증 양상,quality,목이 뻐근하고 무거운 느낌이에요
Q0022,통증 양상,quality,발이 화끈거리고 타는 듯 아파요
Q0022,통증 양상,quality,무릎이 묵직하게 아파요
Q0022,통증 양상,quality,손가락이 날카롭게 찌르는 것처럼 아파요
Q0022,통증 양상,quality,다리가 저린 느낌이에요
Q0022,통증 양상,quality,전기 오는 것처럼 찌릿해요
Q0022,통증 양상,quality,발목이 욱신욱신 아파요
Q0022,통증 양상,quality,무릎이 시큰시큰 아파요
Q0022,통증 양상,quality,쿡쿡 쑤십니다.
Q0022,통증 양상,quality,콕콕 찌르는 느낌이에요.
Q0022,통증 양상,quality,찌릿찌릿 저려요.
Q0022,통증 양상,quality,뻐근하고 무거워요.
Q0022,통증 양상,quality,화끈거리고 타는 듯해요.
Q0022,통증 양상,quality,묵직하게 눌리는 느낌입니다.
Q0022,통증 양상,quality,날카롭게 찌릅니다.
Q0022,통증 양상,quality,저린 느낌이 계속 있어요.
Q0022,통증 양상,quality,전기 오는 것처럼 찌릿해요.
Q0022,통증 양상,quality,욱신욱신 아파요.
Q0023,통증 양상,quality,허리가 쑤시고 아파요
Q0023,통증 양상,quality,다리가 찌릿찌릿 저려요
Q0023,통증 양상,quality,목이 뻐근하고 무거운 느낌이에요
Q0023,통증 양상,quality,발이 화끈거리고 타는 듯 아파요
Q0023,통증 양상,quality,무릎이 묵직하게 아파요
Q0023,통증 양상,quality,손가락이 날카롭게 찌르는 것처럼 아파요
Q0023,통증 양상,quality,다리가 저린 느낌이에요
Q0023,통증 양상,quality,전기 오는 것처럼 찌릿해요
Q0023,통증 양상,quality,발목이 욱신욱신 아파요
Q0023,통증 양상,quality,무릎이 시큰시큰 아파요
Q0023,통증 양상,quality,쿡쿡 쑤십니다.
Q0023,통증 양상,quality,콕콕 찌르는 느낌이에요.
Q0023,통증 양상,quality,찌릿찌릿 저려요.
Q0023,통증 양상,quality,뻐근하고 무거워요.
Q0023,통증 양상,quality,화끈거리고 타는 듯해요.
Q0023,통증 양상,quality,묵직하게 눌리는 느낌입니다.
Q0023,통증 양상,quality,날카롭게 찌릅니다.
Q0023,통증 양상,quality,저린 느낌이 계속 있어요.
Q0023,통증 양상,quality,전기 오는 것처럼 찌릿해요.
Q0023,통증 양상,quality,욱신욱신 아파요.
Q0024,통증 양상,quality,허리가 쑤시고 아파요
Q0024,통증 양상,quality,다리가 찌릿찌릿 저려요
Q0024,통증 양상,quality,목이 뻐근하고 무거운 느낌이에요
Q0024,통증 양상,quality,발이 화끈거리고 타는 듯 아파요
Q0024,통증 양상,quality,무릎이 묵직하게 아파요
Q0024,통증 양상,quality,손가락이 날카롭게 찌르는 것처럼 아파요
Q0024,통증 양상,quality,다리가 저린 느낌이에요
Q0024,통증 양상,quality,전기 오는 것처럼 찌릿해요
Q0024,통증 양상,quality,발목이 욱신욱신 아파요
Q0024,통증 양상,quality,무릎이 시큰시큰 아파요
Q0024,통증 양상,quality,쿡쿡 쑤십니다.
Q0024,통증 양상,quality,콕콕 찌르는 느낌이에요.
Q0024,통증 양상,quality,찌릿찌릿 저려요.
Q0024,통증 양상,quality,뻐근하고 무거워요.
Q0024,통증 양상,quality,화끈거리고 타는 듯해요.
Q0024,통증 양상,quality,묵직하게 눌리는 느낌입니다.
Q0024,통증 양상,quality,날카롭게 찌릅니다.
Q0024,통증 양상,quality,저린 느낌이 계속 있어요.
Q0024,통증 양상,quality,전기 오는 것처럼 찌릿해요.
Q0024,통증 양상,quality,욱신욱신 아파요.
Q0025,통증 양상,quality,허리가 쑤시고 아파요
Q0025,통증 양상,quality,다리가 찌릿찌릿 저려요
Q0025,통증 양상,quality,목이 뻐근하고 무거운 느낌이에요
Q0025,통증 양상,quality,발이 화끈거리고 타는 듯 아파요
Q0025,통증 양상,quality,무릎이 묵직하게 아파요
Q0025,통증 양상,quality,손가락이 날카롭게 찌르는 것처럼 아파요
Q0025,통증 양상,quality,다리가 저린 느낌이에요
Q0025,통증 양상,quality,전기 오는 것처럼 찌릿해요
Q0025,통증 양상,quality,발목이 욱신욱신 아파요
Q0025,통증 양상,quality,무릎이 시큰시큰 아파요
Q0025,통증 양상,quality,쿡쿡 쑤십니다.
Q0025,통증 양상,quality,콕콕 찌르는 느낌이에요.
Q0025,통증 양상,quality,찌릿찌릿 저려요.
Q0025,통증 양상,quality,뻐근하고 무거워요.
Q0025,통증 양상,quality,화끈거리고 타는 듯해요.
Q0025,통증 양상,quality,묵직하게 눌리는 느낌입니다.
Q0025,통증 양상,quality,날카롭게 찌릅니다.
Q0025,통증 양상,quality,저린 느낌이 계속 있어요.
Q0025,통증 양상,quality,전기 오는 것처럼 찌릿해요.
Q0025,통증 양상,quality,욱신욱신 아파요.
Q0026,통증 양상,quality,허리가 쑤시고 아파요
Q0026,통증 양상,quality,다리가 찌릿찌릿 저려요
Q0026,통증 양상,quality,목이 뻐근하고 무거운 느낌이에요
Q0026,통증 양상,quality,발이 화끈거리고 타는 듯 아파요
Q0026,통증 양상,quality,무릎이 묵직하게 아파요
Q0026,통증 양상,quality,손가락이 날카롭게 찌르는 것처럼 아파요
Q0026,통증 양상,quality,다리가 저린 느낌이에요
Q0026,통증 양상,quality,전기 오는 것처럼 찌릿해요
Q0026,통증 양상,quality,발목이 욱신욱신 아파요
Q0026,통증 양상,quality,무릎이 시큰시큰 아파요
Q0026,통증 양상,quality,쿡쿡 쑤십니다.
Q0026,통증 양상,quality,콕콕 찌르는 느낌이에요.
Q0026,통증 양상,quality,찌릿찌릿 저려요.
Q0026,통증 양상,quality,뻐근하고 무거워요.
Q0026,통증 양상,quality,화끈거리고 타는 듯해요.
Q0026,통증 양상,quality,묵직하게 눌리는 느낌입니다.
Q0026,통증 양상,quality,날카롭게 찌릅니다.
Q0026,통증 양상,quality,저린 느낌이 계속 있어요.
Q0026,통증 양상,quality,전기 오는 것처럼 찌릿해요.
Q0026,통증 양상,quality,욱신욱신 아파요.
Q0027,통증 양상,quality,허리가 쑤시고 아파요
Q0027,통증 양상,quality,다리가 찌릿찌릿 저려요
Q0027,통증 양상,quality,목이 뻐근하고 무거운 느낌이에요
Q0027,통증 양상,quality,발이 화끈거리고 타는 듯 아파요
Q0027,통증 양상,quality,무릎이 묵직하게 아파요
Q0027,통증 양상,quality,손가락이 날카롭게 찌르는 것처럼 아파요
Q0027,통증 양상,quality,다리가 저린 느낌이에요
Q0027,통증 양상,quality,전기 오는 것처럼 찌릿해요
Q0027,통증 양상,quality,발목이 욱신욱신 아파요
Q0027,통증 양상,quality,무릎이 시큰시큰 아파요
Q0027,통증 양상,quality,쿡쿡 쑤십니다.
Q0027,통증 양상,quality,콕콕 찌르는 느낌이에요.
Q0027,통증 양상,quality,찌릿찌릿 저려요.
Q0027,통증 양상,quality,뻐근하고 무거워요.
Q0027,통증 양상,quality,화끈거리고 타는 듯해요.
Q0027,통증 양상,quality,묵직하게 눌리는 느낌입니다.
Q0027,통증 양상,quality,날카롭게 찌릅니다.
Q0027,통증 양상,quality,저린 느낌이 계속 있어요.
Q0027,통증 양상,quality,전기 오는 것처럼 찌릿해요.
Q0027,통증 양상,quality,욱신욱신 아파요.
Q0028,통증 양상,quality,허리가 쑤시고 아파요
Q0028,통증 양상,quality,다리가 찌릿찌릿 저려요
Q0028,통증 양상,quality,목이 뻐근하고 무거운 느낌이에요
Q0028,통증 양상,quality,발이 화끈거리고 타는 듯 아파요
Q0028,통증 양상,quality,무릎이 묵직하게 아파요
Q0028,통증 양상,quality,손가락이 날카롭게 찌르는 것처럼 아파요
Q0028,통증 양상,quality,다리가 저린 느낌이에요
Q0028,통증 양상,quality,전기 오는 것처럼 찌릿해요
Q0028,통증 양상,quality,발목이 욱신욱신 아파요
Q0028,통증 양상,quality,무릎이 시큰시큰 아파요
Q0028,통증 양상,quality,쿡쿡 쑤십니다.
Q0028,통증 양상,quality,콕콕 찌르는 느낌이에요.
Q0028,통증 양상,quality,찌릿찌릿 저려요.
Q0028,통증 양상,quality,뻐근하고 무거워요.
Q0028,통증 양상,quality,화끈거리고 타는 듯해요.
Q0028,통증 양상,quality,묵직하게 눌리는 느낌입니다.
Q0028,통증 양상,quality,날카롭게 찌릅니다.
Q0028,통증 양상,quality,저린 느낌이 계속 있어요.
Q0028,통증 양상,quality,전기 오는 것처럼 찌릿해요.
Q0028,통증 양상,quality,욱신욱신 아파요.
Q0029,통증 양상,quality,허리가 쑤시고 아파요
Q0029,통증 양상,quality,다리가 찌릿찌릿 저려요
Q0029,통증 양상,quality,목이 뻐근하고 무거운 느낌이에요
Q0029,통증 양상,quality,발이 화끈거리고 타는 듯 아파요
Q0029,통증 양상,quality,무릎이 묵직하게 아파요
Q0029,통증 양상,quality,손가락이 날카롭게 찌르는 것처럼 아파요
Q0029,통증 양상,quality,다리가 저린 느낌이에요
Q0029,통증 양상,quality,전기 오는 것처럼 찌릿해요
Q0029,통증 양상,quality,발목이 욱신욱신 아파요
Q0029,통증 양상,quality,무릎이 시큰시큰 아파요
Q0029,통증 양상,quality,쿡쿡 쑤십니다.
Q0029,통증 양상,quality,콕콕 찌르는 느낌이에요.
Q0029,통증 양상,quality,찌릿찌릿 저려요.
Q0029,통증 양상,quality,뻐근하고 무거워요.
Q0029,통증 양상,quality,화끈거리고 타는 듯해요.
Q0029,통증 양상,quality,묵직하게 눌리는 느낌입니다.
Q0029,통증 양상,quality,날카롭게 찌릅니다.
Q0029,통증 양상,quality,저린 느낌이 계속 있어요.
Q0029,통증 양상,quality,전기 오는 것처럼 찌릿해요.
Q0029,통증 양상,quality,욱신욱신 아파요.
Q0030,통증 양상,quality,허리가 쑤시고 아파요
Q0030,통증 양상,quality,다리가 찌릿찌릿 저려요
Q0030,통증 양상,quality,목이 뻐근하고 무거운 느낌이에요
Q0030,통증 양상,quality,발이 화끈거리고 타는 듯 아파요
Q0030,통증 양상,quality,무릎이 묵직하게 아파요
Q0030,통증 양상,quality,손가락이 날카롭게 찌르는 것처럼 아파요
Q0030,통증 양상,quality,다리가 저린 느낌이에요
Q0030,통증 양상,quality,전기 오는 것처럼 찌릿해요
Q0030,통증 양상,quality,발목이 욱신욱신 아파요
Q0030,통증 양상,quality,무릎이 시큰시큰 아파요
Q0030,통증 양상,quality,쿡쿡 쑤십니다.
Q0030,통증 양상,quality,콕콕 찌르는 느낌이에요.
Q0030,통증 양상,quality,찌릿찌릿 저려요.
Q0030,통증 양상,quality,뻐근하고 무거워요.
Q0030,통증 양상,quality,화끈거리고 타는 듯해요.
Q0030,통증 양상,quality,묵직하게 눌리는 느낌입니다.
Q0030,통증 양상,quality,날카롭게 찌릅니다.
Q0030,통증 양상,quality,저린 느낌이 계속 있어요.
Q0030,통증 양상,quality,전기 오는 것처럼 찌릿해요.
Q0030,통증 양상,quality,욱신욱신 아파요.
Q0031,통증 양상,general,"네, 그렇습니다."
Q0031,통증 양상,general,"아니요, 그렇지는 않습니다."
Q0031,통증 양상,general,잘 모르겠습니다.
Q0031,통증 양상,general,가끔 그렇습니다.
Q0031,통증 양상,general,요즘 더 심해졌습니다.
Q0031,통증 양상,general,전보다 나아졌습니다.
Q0032,통증 양상,quality,쿡쿡 쑤십니다.
Q0032,통증 양상,quality,콕콕 찌르는 느낌이에요.
Q0032,통증 양상,quality,찌릿찌릿 저려요.
Q0032,통증 양상,quality,뻐근하고 무거워요.
Q0032,통증 양상,quality,화끈거리고 타는 듯해요.
Q0032,통증 양상,quality,묵직하게 눌리는 느낌입니다.
Q0032,통증 양상,quality,날카롭게 찌릅니다.
Q0032,통증 양상,quality,저린 느낌이 계속 있어요.
Q0032,통증 양상,quality,전기 오는 것처럼 찌릿해요.
Q0032,통증 양상,quality,욱신욱신 아파요.
Q0032,통증 양상,quality,시큰시큰합니다.
Q0032,통증 양상,quality,당기는 통증입니다.
Q0032,통증 양상,quality,따갑고 쓰라립니다.
Q0032,통증 양상,quality,시리고 차가운 느낌입니다.
Q0032,통증 양상,quality,쥐어짜는 느낌이에요.
Q0033,통증 양상,quality,턱관절이 아프고 시리고 찌릿찌릿해요.
Q0033,통증 양상,quality,허리부터 오른쪽 허벅지와 종아리 뒤쪽으로 뻐근하고 당겨요.
Q0033,통증 양상,quality,쿡쿡 쑤십니다.
Q0033,통증 양상,quality,콕콕 찌르는 느낌이에요.
Q0033,통증 양상,quality,찌릿찌릿 저려요.
Q0033,통증 양상,quality,뻐근하고 무거워요.
Q0033,통증 양상,quality,화끈거리고 타는 듯해요.
Q0033,통증 양상,quality,묵직하게 눌리는 느낌입니다.
Q0033,통증 양상,quality,날카롭게 찌릅니다.
Q0033,통증 양상,quality,저린 느낌이 계속 있어요.
Q0033,통증 양상,quality,전기 오는 것처럼 찌릿해요.
Q0033,통증 양상,quality,욱신욱신 아파요.
Q0033,통증 양상,quality,시큰시큰합니다.
Q0033,통증 양상,quality,당기는 통증입니다.
Q0033,통증 양상,quality,따갑고 쓰라립니다.
Q0033,통증 양상,quality,시리고 차가운 느낌입니다.
Q0033,통증 양상,quality,쥐어짜는 느낌이에요.
Q0034,통증 양상,quality,턱관절이 아프고 시리고 찌릿찌릿해요.
Q0034,통증 양상,quality,허리부터 오른쪽 허벅지와 종아리 뒤쪽으로 뻐근하고 당겨요.
Q0034,통증 양상,quality,쿡쿡 쑤십니다.
Q0034,통증 양상,quality,콕콕 찌르는 느낌이에요.
Q0034,통증 양상,quality,찌릿찌릿 저려요.
Q0034,통증 양상,quality,뻐근하고 무거워요.
Q0034,통증 양상,quality,화끈거리고 타는 듯해요.
Q0034,통증 양상,quality,묵직하게 눌리는 느낌입니다.
Q0034,통증 양상,quality,날카롭게 찌릅니다.
Q0034,통증 양상,quality,저린 느낌이 계속 있어요.
Q0034,통증 양상,quality,전기 오는 것처럼 찌릿해요.
Q0034,통증 양상,quality,욱신욱신 아파요.
Q0034,통증 양상,quality,시큰시큰합니다.
Q0034,통증 양상,quality,당기는 통증입니다.
Q0034,통증 양상,quality,따갑고 쓰라립니다.
Q0034,통증 양상,quality,시리고 차가운 느낌입니다.
Q0034,통증 양상,quality,쥐어짜는 느낌이에요.
Q0035,통증 양상,quality,턱관절이 아프고 시리고 찌릿찌릿해요.
Q0035,통증 양상,quality,허리부터 오른쪽 허벅지와 종아리 뒤쪽으로 뻐근하고 당겨요.
Q0035,통증 양상,quality,쿡쿡 쑤십니다.
Q0035,통증 양상,quality,콕콕 찌르는 느낌이에요.
Q0035,통증 양상,quality,찌릿찌릿 저려요.
Q0035,통증 양상,quality,뻐근하고 무거워요.
Q0035,통증 양상,quality,화끈거리고 타는 듯해요.
Q0035,통증 양상,quality,묵직하게 눌리는 느낌입니다.
Q0035,통증 양상,quality,날카롭게 찌릅니다.
Q0035,통증 양상,quality,저린 느낌이 계속 있어요.
Q0035,통증 양상,quality,전기 오는 것처럼 찌릿해요.
Q0035,통증 양상,quality,욱신욱신 아파요.
Q0035,통증 양상,quality,시큰시큰합니다.
Q0035,통증 양상,quality,당기는 통증입니다.
Q0035,통증 양상,quality,따갑고 쓰라립니다.
Q0035,통증 양상,quality,시리고 차가운 느낌입니다.
Q0035,통증 양상,quality,쥐어짜는 느낌이에요.
Q0036,통증 양상,quality,턱관절이 아프고 시리고 찌릿찌릿해요.
Q0036,통증 양상,quality,허리부터 오른쪽 허벅지와 종아리 뒤쪽으로 뻐근하고 당겨요.
Q0036,통증 양상,quality,쿡쿡 쑤십니다.
Q0036,통증 양상,quality,콕콕 찌르는 느낌이에요.
Q0036,통증 양상,quality,찌릿찌릿 저려요.
Q0036,통증 양상,quality,뻐근하고 무거워요.
Q0036,통증 양상,quality,화끈거리고 타는 듯해요.
Q0036,통증 양상,quality,묵직하게 눌리는 느낌입니다.
Q0036,통증 양상,quality,날카롭게 찌릅니다.
Q0036,통증 양상,quality,저린 느낌이 계속 있어요.
Q0036,통증 양상,quality,전기 오는 것처럼 찌릿해요.
Q0036,통증 양상,quality,욱신욱신 아파요.
Q0036,통증 양상,quality,시큰시큰합니다.
Q0036,통증 양상,quality,당기는 통증입니다.
Q0036,통증 양상,quality,따갑고 쓰라립니다.
Q0036,통증 양상,quality,시리고 차가운 느낌입니다.
Q0036,통증 양상,quality,쥐어짜는 느낌이에요.
Q0037,통증 양상,quality,턱관절이 아프고 시리고 찌릿찌릿해요.
Q0037,통증 양상,quality,허리부터 오른쪽 허벅지와 종아리 뒤쪽으로 뻐근하고 당겨요.
Q0037,통증 양상,quality,쿡쿡 쑤십니다.
Q0037,통증 양상,quality,콕콕 찌르는 느낌이에요.
Q0037,통증 양상,quality,찌릿찌릿 저려요.
Q0037,통증 양상,quality,뻐근하고 무거워요.
Q0037,통증 양상,quality,화끈거리고 타는 듯해요.
Q0037,통증 양상,quality,묵직하게 눌리는 느낌입니다.
Q0037,통증 양상,quality,날카롭게 찌릅니다.
Q0037,통증 양상,quality,저린 느낌이 계속 있어요.
Q0037,통증 양상,quality,전기 오는 것처럼 찌릿해요.
Q0037,통증 양상,quality,욱신욱신 아파요.
Q0037,통증 양상,quality,시큰시큰합니다.
Q0037,통증 양상,quality,당기는 통증입니다.
Q0037,통증 양상,quality,따갑고 쓰라립니다.
Q0037,통증 양상,quality,시리고 차가운 느낌입니다.
Q0037,통증 양상,quality,쥐어짜는 느낌이에요.
Q0039,통증 유발/완화 요인,sensory_trigger,걸으면 더 아파요
Q0039,통증 유발/완화 요인,sensory_trigger,움직이면 아파요
Q0039,통증 유발/완화 요인,sensory_trigger,앉아 있으면 더 아파요
Q0039,통증 유발/완화 요인,sensory_trigger,오래 서 있으면 아파요
Q0039,통증 유발/완화 요인,sensory_trigger,활동하면 통증이 심해져요
Q0039,통증 유발/완화 요인,sensory_trigger,가만히 있으면 괜찮아요
Q0039,통증 유발/완화 요인,sensory_trigger,누우면 좀 괜찮아요
Q0039,통증 유발/완화 요인,sensory_trigger,움직이면 조금 나아져요
Q0039,통증 유발/완화 요인,sensory_trigger,가만히 있을 때 저려요.
Q0039,통증 유발/완화 요인,sensory_trigger,걸어 다닐 때 저립니다.
Q0039,통증 유발/완화 요인,sensory_trigger,앉아 있으면 다리가 저려요.
Q0039,통증 유발/완화 요인,sensory_trigger,서 있으면 발이 저립니다.
Q0039,통증 유발/완화 요인,sensory_trigger,누워 있으면 저림이 줄어요.
Q0039,통증 유발/완화 요인,sensory_trigger,움직이면 저림이 덜합니다.
Q0039,통증 유발/완화 요인,sensory_trigger,오래 걸으면 저림이 심해져요.
Q0039,통증 유발/완화 요인,sensory_trigger,가만히 있어도 계속 저립니다.
Q0039,통증 유발/완화 요인,sensory_trigger,저림은 없어요.
Q0039,통증 유발/완화 요인,sensory_trigger,가끔만 저립니다.
Q0040,통증 유발/완화 요인,sensory_trigger,걸으면 더 아파요
Q0040,통증 유발/완화 요인,sensory_trigger,움직이면 아파요
Q0040,통증 유발/완화 요인,sensory_trigger,앉아 있으면 더 아파요
Q0040,통증 유발/완화 요인,sensory_trigger,오래 서 있으면 아파요
Q0040,통증 유발/완화 요인,sensory_trigger,활동하면 통증이 심해져요
Q0040,통증 유발/완화 요인,sensory_trigger,가만히 있으면 괜찮아요
Q0040,통증 유발/완화 요인,sensory_trigger,누우면 좀 괜찮아요
Q0040,통증 유발/완화 요인,sensory_trigger,움직이면 조금 나아져요
Q0040,통증 유발/완화 요인,sensory_trigger,가만히 있을 때 저려요.
Q0040,통증 유발/완화 요인,sensory_trigger,걸어 다닐 때 저립니다.
Q0040,통증 유발/완화 요인,sensory_trigger,앉아 있으면 다리가 저려요.
Q0040,통증 유발/완화 요인,sensory_trigger,서 있으면 발이 저립니다.
Q0040,통증 유발/완화 요인,sensory_trigger,누워 있으면 저림이 줄어요.
Q0040,통증 유발/완화 요인,sensory_trigger,움직이면 저림이 덜합니다.
Q0040,통증 유발/완화 요인,sensory_trigger,오래 걸으면 저림이 심해져요.
Q0040,통증 유발/완화 요인,sensory_trigger,가만히 있어도 계속 저립니다.
Q0040,통증 유발/완화 요인,sensory_trigger,저림은 없어요.
Q0040,통증 유발/완화 요인,sensory_trigger,가끔만 저립니다.
Q0041,통증 유발/완화 요인,trigger_posture,걸으면 더 아파요
Q0041,통증 유발/완화 요인,trigger_posture,움직이면 아파요
Q0041,통증 유발/완화 요인,trigger_posture,앉아 있으면 더 아파요
Q0041,통증 유발/완화 요인,trigger_posture,오래 서 있으면 아파요
Q0041,통증 유발/완화 요인,trigger_posture,활동하면 통증이 심해져요
Q0041,통증 유발/완화 요인,trigger_posture,가만히 있으면 괜찮아요
Q0041,통증 유발/완화 요인,trigger_posture,누우면 좀 괜찮아요
Q0041,통증 유발/완화 요인,trigger_posture,움직이면 조금 나아져요
Q0041,통증 유발/완화 요인,trigger_posture,앉아 있으면 더 아픕니다.
Q0041,통증 유발/완화 요인,trigger_posture,오래 서 있으면 심해져요.
Q0041,통증 유발/완화 요인,trigger_posture,걸으면 더 아파요.
Q0041,통증 유발/완화 요인,trigger_posture,계단 내려갈 때 아픕니다.
Q0041,통증 유발/완화 요인,trigger_posture,허리를 숙이면 통증이 올라와요.
Q0041,통증 유발/완화 요인,trigger_posture,허리를 펴면 조금 편합니다.
Q0041,통증 유발/완화 요인,trigger_posture,누우면 좀 괜찮아져요.
Q0041,통증 유발/완화 요인,trigger_posture,가만히 있으면 괜찮아요.
Q0041,통증 유발/완화 요인,trigger_posture,움직이면 더 아파요.
Q0041,통증 유발/완화 요인,trigger_posture,기침하면 허리까지 울립니다.
Q0041,통증 유발/완화 요인,trigger_posture,고개를 돌리면 목이 아픕니다.
Q0041,통증 유발/완화 요인,trigger_posture,팔을 올리면 어깨가 아파요.
Q0042,통증 유발/완화 요인,trigger_posture,걸으면 더 아파요
Q0042,통증 유발/완화 요인,trigger_posture,움직이면 아파요
Q0042,통증 유발/완화 요인,trigger_posture,앉아 있으면 더 아파요
Q0042,통증 유발/완화 요인,trigger_posture,오래 서 있으면 아파요
Q0042,통증 유발/완화 요인,trigger_posture,활동하면 통증이 심해져요
Q0042,통증 유발/완화 요인,trigger_posture,가만히 있으면 괜찮아요
Q0042,통증 유발/완화 요인,trigger_posture,누우면 좀 괜찮아요
Q0042,통증 유발/완화 요인,trigger_posture,움직이면 조금 나아져요
Q0042,통증 유발/완화 요인,trigger_posture,앉아 있으면 더 아픕니다.
Q0042,통증 유발/완화 요인,trigger_posture,오래 서 있으면 심해져요.
Q0042,통증 유발/완화 요인,trigger_posture,걸으면 더 아파요.
Q0042,통증 유발/완화 요인,trigger_posture,계단 내려갈 때 아픕니다.
Q0042,통증 유발/완화 요인,trigger_posture,허리를 숙이면 통증이 올라와요.
Q0042,통증 유발/완화 요인,trigger_posture,허리를 펴면 조금 편합니다.
Q0042,통증 유발/완화 요인,trigger_posture,누우면 좀 괜찮아져요.
Q0042,통증 유발/완화 요인,trigger_posture,가만히 있으면 괜찮아요.
Q0042,통증 유발/완화 요인,trigger_posture,움직이면 더 아파요.
Q0042,통증 유발/완화 요인,trigger_posture,기침하면 허리까지 울립니다.
Q0042,통증 유발/완화 요인,trigger_posture,고개를 돌리면 목이 아픕니다.
Q0042,통증 유발/완화 요인,trigger_posture,팔을 올리면 어깨가 아파요.
Q0043,통증 유발/완화 요인,trigger_posture,걸으면 더 아파요
Q0043,통증 유발/완화 요인,trigger_posture,움직이면 아파요
Q0043,통증 유발/완화 요인,trigger_posture,앉아 있으면 더 아파요
Q0043,통증 유발/완화 요인,trigger_posture,오래 서 있으면 아파요
Q0043,통증 유발/완화 요인,trigger_posture,활동하면 통증이 심해져요
Q0043,통증 유발/완화 요인,trigger_posture,가만히 있으면 괜찮아요
Q0043,통증 유발/완화 요인,trigger_posture,누우면 좀 괜찮아요
Q0043,통증 유발/완화 요인,trigger_posture,움직이면 조금 나아져요
Q0043,통증 유발/완화 요인,trigger_posture,앉아 있으면 더 아픕니다.
Q0043,통증 유발/완화 요인,trigger_posture,오래 서 있으면 심해져요.
Q0043,통증 유발/완화 요인,trigger_posture,걸으면 더 아파요.
Q0043,통증 유발/완화 요인,trigger_posture,계단 내려갈 때 아픕니다.
Q0043,통증 유발/완화 요인,trigger_posture,허리를 숙이면 통증이 올라와요.
Q0043,통증 유발/완화 요인,trigger_posture,허리를 펴면 조금 편합니다.
Q0043,통증 유발/완화 요인,trigger_posture,누우면 좀 괜찮아져요.
Q0043,통증 유발/완화 요인,trigger_posture,가만히 있으면 괜찮아요.
Q0043,통증 유발/완화 요인,trigger_posture,움직이면 더 아파요.
Q0043,통증 유발/완화 요인,trigger_posture,기침하면 허리까지 울립니다.
Q0043,통증 유발/완화 요인,trigger_posture,고개를 돌리면 목이 아픕니다.
Q0043,통증 유발/완화 요인,trigger_posture,팔을 올리면 어깨가 아파요.
Q0044,통증 유발/완화 요인,trigger_posture,걸으면 더 아파요
Q0044,통증 유발/완화 요인,trigger_posture,움직이면 아파요
Q0044,통증 유발/완화 요인,trigger_posture,앉아 있으면 더 아파요
Q0044,통증 유발/완화 요인,trigger_posture,오래 서 있으면 아파요
Q0044,통증 유발/완화 요인,trigger_posture,활동하면 통증이 심해져요
Q0044,통증 유발/완화 요인,trigger_posture,가만히 있으면 괜찮아요
Q0044,통증 유발/완화 요인,trigger_posture,누우면 좀 괜찮아요
Q0044,통증 유발/완화 요인,trigger_posture,움직이면 조금 나아져요
Q0044,통증 유발/완화 요인,trigger_posture,앉아 있으면 더 아픕니다.
Q0044,통증 유발/완화 요인,trigger_posture,오래 서 있으면 심해져요.
Q0044,통증 유발/완화 요인,trigger_posture,걸으면 더 아파요.
Q0044,통증 유발/완화 요인,trigger_posture,계단 내려갈 때 아픕니다.
Q0044,통증 유발/완화 요인,trigger_posture,허리를 숙이면 통증이 올라와요.
Q0044,통증 유발/완화 요인,trigger_posture,허리를 펴면 조금 편합니다.
Q0044,통증 유발/완화 요인,trigger_posture,누우면 좀 괜찮아져요.
Q0044,통증 유발/완화 요인,trigger_posture,가만히 있으면 괜찮아요.
Q0044,통증 유발/완화 요인,trigger_posture,움직이면 더 아파요.
Q0044,통증 유발/완화 요인,trigger_posture,기침하면 허리까지 울립니다.
Q0044,통증 유발/완화 요인,trigger_posture,고개를 돌리면 목이 아픕니다.
Q0044,통증 유발/완화 요인,trigger_posture,팔을 올리면 어깨가 아파요.
Q0045,통증 유발/완화 요인,trigger_posture,걸으면 더 아파요
Q0045,통증 유발/완화 요인,trigger_posture,움직이면 아파요
Q0045,통증 유발/완화 요인,trigger_posture,앉아 있으면 더 아파요
Q0045,통증 유발/완화 요인,trigger_posture,오래 서 있으면 아파요
Q0045,통증 유발/완화 요인,trigger_posture,활동하면 통증이 심해져요
Q0045,통증 유발/완화 요인,trigger_posture,가만히 있으면 괜찮아요
Q0045,통증 유발/완화 요인,trigger_posture,누우면 좀 괜찮아요
Q0045,통증 유발/완화 요인,trigger_posture,움직이면 조금 나아져요
Q0045,통증 유발/완화 요인,trigger_posture,앉아 있으면 더 아픕니다.
Q0045,통증 유발/완화 요인,trigger_posture,오래 서 있으면 심해져요.
Q0045,통증 유발/완화 요인,trigger_posture,걸으면 더 아파요.
Q0045,통증 유발/완화 요인,trigger_posture,계단 내려갈 때 아픕니다.
Q0045,통증 유발/완화 요인,trigger_posture,허리를 숙이면 통증이 올라와요.
Q0045,통증 유발/완화 요인,trigger_posture,허리를 펴면 조금 편합니다.
Q0045,통증 유발/완화 요인,trigger_posture,누우면 좀 괜찮아져요.
Q0045,통증 유발/완화 요인,trigger_posture,가만히 있으면 괜찮아요.
Q0045,통증 유발/완화 요인,trigger_posture,움직이면 더 아파요.
Q0045,통증 유발/완화 요인,trigger_posture,기침하면 허리까지 울립니다.
Q0045,통증 유발/완화 요인,trigger_posture,고개를 돌리면 목이 아픕니다.
Q0045,통증 유발/완화 요인,trigger_posture,팔을 올리면 어깨가 아파요.
Q0046,통증 유발/완화 요인,severity,걸으면 더 아파요
Q0046,통증 유발/완화 요인,severity,움직이면 아파요
Q0046,통증 유발/완화 요인,severity,앉아 있으면 더 아파요
Q0046,통증 유발/완화 요인,severity,오래 서 있으면 아파요
Q0046,통증 유발/완화 요인,severity,활동하면 통증이 심해져요
Q0046,통증 유발/완화 요인,severity,가만히 있으면 괜찮아요
Q0046,통증 유발/완화 요인,severity,누우면 좀 괜찮아요
Q0046,통증 유발/완화 요인,severity,움직이면 조금 나아져요
Q0046,통증 유발/완화 요인,severity,참을 만해요.
Q0046,통증 유발/완화 요인,severity,많이 아파요.
Q0046,통증 유발/완화 요인,severity,너무 아파요.
Q0046,통증 유발/완화 요인,severity,움직이기 힘들어요.
Q0046,통증 유발/완화 요인,severity,잠을 못 잘 정도로 아파요.
Q0046,통증 유발/완화 요인,severity,일상생활이 어렵습니다.
Q0046,통증 유발/완화 요인,severity,조금 불편한 정도입니다.
Q0046,통증 유발/완화 요인,severity,걸을 때마다 심합니다.
Q0046,통증 유발/완화 요인,severity,가끔 심해집니다.
Q0046,통증 유발/완화 요인,severity,계속 신경 쓰일 정도입니다.
Q0047,통증 유발/완화 요인,severity,참을 만해요.
Q0047,통증 유발/완화 요인,severity,많이 아파요.
Q0047,통증 유발/완화 요인,severity,너무 아파요.
Q0047,통증 유발/완화 요인,severity,움직이기 힘들어요.
Q0047,통증 유발/완화 요인,severity,잠을 못 잘 정도로 아파요.
Q0047,통증 유발/완화 요인,severity,일상생활이 어렵습니다.
Q0047,통증 유발/완화 요인,severity,조금 불편한 정도입니다.
Q0047,통증 유발/완화 요인,severity,걸을 때마다 심합니다.
Q0047,통증 유발/완화 요인,severity,가끔 심해집니다.
Q0047,통증 유발/완화 요인,severity,계속 신경 쓰일 정도입니다.
Q0048,통증 유발/완화 요인,dental_trigger,가끔 찬물 마시거나 음식 씹을 때 통증이 심해요.
Q0048,통증 유발/완화 요인,dental_trigger,찬물 마시면 시립니다.
Q0048,통증 유발/완화 요인,dental_trigger,음식 씹을 때 통증이 심해요.
Q0048,통증 유발/완화 요인,dental_trigger,딱딱한 걸 씹으면 아파요.
Q0048,통증 유발/완화 요인,dental_trigger,입을 크게 벌리면 아픕니다.
Q0048,통증 유발/완화 요인,dental_trigger,가만히 있을 때는 괜찮아요.
Q0048,통증 유발/완화 요인,dental_trigger,따뜻한 물은 괜찮습니다.
Q0048,통증 유발/완화 요인,dental_trigger,찬바람 맞으면 시려요.
Q0048,통증 유발/완화 요인,dental_trigger,오른쪽으로 씹을 때 아픕니다.
Q0049,통증 동반증상,associated,어지럽고 울렁거려요
Q0049,통증 동반증상,associated,통증 때문에 잠을 못 자요
Q0049,통증 동반증상,associated,아파서 깜짝깜짝 놀라요
Q0049,통증 동반증상,associated,약 먹으면 붓는 것 같아요
Q0049,통증 동반증상,associated,머리가 아프고 어지러워요
Q0049,통증 동반증상,associated,구역질이 나고 울렁거려요
Q0049,통증 동반증상,associated,열이 나면서 아파요
Q0049,통증 동반증상,associated,식은땀이 나요
Q0049,통증 동반증상,associated,기운이 없고 힘이 빠져요
Q0049,통증 동반증상,associated,다른 데도 같이 아파요
Q0049,통증 동반증상,associated,다리가 저려요.
Q0049,통증 동반증상,associated,발목 힘이 빠집니다.
Q0049,통증 동반증상,associated,감각이 둔합니다.
Q0049,통증 동반증상,associated,발이 붓습니다.
Q0049,통증 동반증상,associated,열감이 있어요.
Q0049,통증 동반증상,associated,어지럽고 울렁거려요.
Q0049,통증 동반증상,associated,구역질이 납니다.
Q0049,통증 동반증상,associated,식은땀이 나요.
Q0049,통증 동반증상,associated,다른 증상은 없어요.
Q0049,통증 동반증상,associated,무릎 관절도 같이 아파요.
Q0050,통증 동반증상,associated,어지럽고 울렁거려요
Q0050,통증 동반증상,associated,통증 때문에 잠을 못 자요
Q0050,통증 동반증상,associated,아파서 깜짝깜짝 놀라요
Q0050,통증 동반증상,associated,약 먹으면 붓는 것 같아요
Q0050,통증 동반증상,associated,머리가 아프고 어지러워요
Q0050,통증 동반증상,associated,구역질이 나고 울렁거려요
Q0050,통증 동반증상,associated,열이 나면서 아파요
Q0050,통증 동반증상,associated,식은땀이 나요
Q0050,통증 동반증상,associated,기운이 없고 힘이 빠져요
Q0050,통증 동반증상,associated,다른 데도 같이 아파요
Q0050,통증 동반증상,associated,다리가 저려요.
Q0050,통증 동반증상,associated,발목 힘이 빠집니다.
Q0050,통증 동반증상,associated,감각이 둔합니다.
Q0050,통증 동반증상,associated,발이 붓습니다.
Q0050,통증 동반증상,associated,열감이 있어요.
Q0050,통증 동반증상,associated,어지럽고 울렁거려요.
Q0050,통증 동반증상,associated,구역질이 납니다.
Q0050,통증 동반증상,associated,식은땀이 나요.
Q0050,통증 동반증상,associated,다른 증상은 없어요.
Q0050,통증 동반증상,associated,무릎 관절도 같이 아파요.
Q0051,통증 동반증상,sleep,어지럽고 울렁거려요
Q0051,통증 동반증상,sleep,통증 때문에 잠을 못 자요
Q0051,통증 동반증상,sleep,아파서 깜짝깜짝 놀라요
Q0051,통증 동반증상,sleep,약 먹으면 붓는 것 같아요
Q0051,통증 동반증상,sleep,머리가 아프고 어지러워요
Q0051,통증 동반증상,sleep,구역질이 나고 울렁거려요
Q0051,통증 동반증상,sleep,열이 나면서 아파요
Q0051,통증 동반증상,sleep,식은땀이 나요
Q0051,통증 동반증상,sleep,기운이 없고 힘이 빠져요
Q0051,통증 동반증상,sleep,다른 데도 같이 아파요
Q0051,통증 동반증상,sleep,통증 때문에 잠을 못 잡니다.
Q0051,통증 동반증상,sleep,자다가 아파서 깹니다.
Q0051,통증 동반증상,sleep,밤새 뒤척입니다.
Q0051,통증 동반증상,sleep,누우면 더 아파서 잠들기 힘들어요.
Q0051,통증 동반증상,sleep,진통제를 먹으면 잘 잡니다.
Q0051,통증 동반증상,sleep,수면에는 큰 문제 없습니다.
Q0051,통증 동반증상,sleep,새벽에 통증이 심해져요.
Q0051,통증 동반증상,sleep,옆으로 누우면 깹니다.
Q0052,통증 동반증상,associated,다리가 저려요.
Q0052,통증 동반증상,associated,발목 힘이 빠집니다.
Q0052,통증 동반증상,associated,감각이 둔합니다.
Q0052,통증 동반증상,associated,발이 붓습니다.
Q0052,통증 동반증상,associated,열감이 있어요.
Q0052,통증 동반증상,associated,어지럽고 울렁거려요.
Q0052,통증 동반증상,associated,구역질이 납니다.
Q0052,통증 동반증상,associated,식은땀이 나요.
Q0052,통증 동반증상,associated,다른 증상은 없어요.
Q0052,통증 동반증상,associated,무릎 관절도 같이 아파요.
Q0052,통증 동반증상,associated,팔까지 저립니다.
Q0052,통증 동반증상,associated,손이 저리고 힘이 빠져요.
Q0052,통증 동반증상,associated,발가락 감각이 이상합니다.
Q0052,통증 동반증상,associated,소변 보기가 불편합니다.
Q0052,통증 동반증상,associated,대변 조절이 어렵습니다.
Q0053,통증 동반증상,swelling,발목이 부어요.
Q0053,통증 동반증상,swelling,손가락이 붓습니다.
Q0053,통증 동반증상,swelling,무릎 주변이 부었습니다.
Q0053,통증 동반증상,swelling,약 먹으면 얼굴이 붓는 것 같아요.
Q0053,통증 동반증상,swelling,다리는 붓지 않아요.
Q0053,통증 동반증상,swelling,오른쪽 발등이 부어요.
Q0053,통증 동반증상,swelling,저녁에 더 붓습니다.
Q0053,통증 동반증상,swelling,아침에는 붓기가 덜합니다.
Q0054,통증 동반증상,associated,"허리디스크 부위도 아프지만, 무릎 관절도 계속 아파요."
Q0054,통증 동반증상,associated,다리가 저려요.
Q0054,통증 동반증상,associated,발목 힘이 빠집니다.
Q0054,통증 동반증상,associated,감각이 둔합니다.
Q0054,통증 동반증상,associated,발이 붓습니다.
Q0054,통증 동반증상,associated,열감이 있어요.
Q0054,통증 동반증상,associated,어지럽고 울렁거려요.
Q0054,통증 동반증상,associated,구역질이 납니다.
Q0054,통증 동반증상,associated,식은땀이 나요.
Q0054,통증 동반증상,associated,다른 증상은 없어요.
Q0054,통증 동반증상,associated,무릎 관절도 같이 아파요.
Q0054,통증 동반증상,associated,팔까지 저립니다.
Q0054,통증 동반증상,associated,손이 저리고 힘이 빠져요.
Q0054,통증 동반증상,associated,발가락 감각이 이상합니다.
Q0054,통증 동반증상,associated,소변 보기가 불편합니다.
Q0054,통증 동반증상,associated,대변 조절이 어렵습니다.
Q0055,통증 시간대/상황별 변화,trigger_posture,아침에 일어날 때 더 아파요
Q0055,통증 시간대/상황별 변화,trigger_posture,아침에는 몸이 뻣뻣하고 아파요
Q0055,통증 시간대/상황별 변화,trigger_posture,밤에 통증이 더 심해요
Q0055,통증 시간대/상황별 변화,trigger_posture,밤에 특히 더 욱신거려요
Q0055,통증 시간대/상황별 변화,trigger_posture,자다가 아파서 깰 때가 있어요
Q0055,통증 시간대/상황별 변화,trigger_posture,잠을 잘 때도 계속 아파요
Q0055,통증 시간대/상황별 변화,trigger_posture,저녁에 잘 때 아파요
Q0055,통증 시간대/상황별 변화,trigger_posture,누워 있을 때 더 아파요
Q0055,통증 시간대/상황별 변화,trigger_posture,아침에는 덜 아픈데 밤에 더 아파요
Q0055,통증 시간대/상황별 변화,trigger_posture,일어나면 조금 괜찮아져요
Q0055,통증 시간대/상황별 변화,trigger_posture,시간과 상황에 상관없이 3-4시간 주기로 아파요.
Q0055,통증 시간대/상황별 변화,trigger_posture,앉았다 일어설 때 아파요.
Q0055,통증 시간대/상황별 변화,trigger_posture,앉아 있으면 더 아픕니다.
Q0055,통증 시간대/상황별 변화,trigger_posture,오래 서 있으면 심해져요.
Q0055,통증 시간대/상황별 변화,trigger_posture,걸으면 더 아파요.
Q0055,통증 시간대/상황별 변화,trigger_posture,계단 내려갈 때 아픕니다.
Q0055,통증 시간대/상황별 변화,trigger_posture,허리를 숙이면 통증이 올라와요.
Q0055,통증 시간대/상황별 변화,trigger_posture,허리를 펴면 조금 편합니다.
Q0055,통증 시간대/상황별 변화,trigger_posture,누우면 좀 괜찮아져요.
Q0055,통증 시간대/상황별 변화,trigger_posture,가만히 있으면 괜찮아요.
Q0056,통증 시간대/상황별 변화,trigger_posture,아침에 일어날 때 더 아파요
Q0056,통증 시간대/상황별 변화,trigger_posture,아침에는 몸이 뻣뻣하고 아파요
Q0056,통증 시간대/상황별 변화,trigger_posture,밤에 통증이 더 심해요
Q0056,통증 시간대/상황별 변화,trigger_posture,밤에 특히 더 욱신거려요
Q0056,통증 시간대/상황별 변화,trigger_posture,자다가 아파서 깰 때가 있어요
Q0056,통증 시간대/상황별 변화,trigger_posture,잠을 잘 때도 계속 아파요
Q0056,통증 시간대/상황별 변화,trigger_posture,저녁에 잘 때 아파요
Q0056,통증 시간대/상황별 변화,trigger_posture,누워 있을 때 더 아파요
Q0056,통증 시간대/상황별 변화,trigger_posture,아침에는 덜 아픈데 밤에 더 아파요
Q0056,통증 시간대/상황별 변화,trigger_posture,일어나면 조금 괜찮아져요
Q0056,통증 시간대/상황별 변화,trigger_posture,시간과 상황에 상관없이 3-4시간 주기로 아파요.
Q0056,통증 시간대/상황별 변화,trigger_posture,앉았다 일어설 때 아파요.
Q0056,통증 시간대/상황별 변화,trigger_posture,앉아 있으면 더 아픕니다.
Q0056,통증 시간대/상황별 변화,trigger_posture,오래 서 있으면 심해져요.
Q0056,통증 시간대/상황별 변화,trigger_posture,걸으면 더 아파요.
Q0056,통증 시간대/상황별 변화,trigger_posture,계단 내려갈 때 아픕니다.
Q0056,통증 시간대/상황별 변화,trigger_posture,허리를 숙이면 통증이 올라와요.
Q0056,통증 시간대/상황별 변화,trigger_posture,허리를 펴면 조금 편합니다.
Q0056,통증 시간대/상황별 변화,trigger_posture,누우면 좀 괜찮아져요.
Q0056,통증 시간대/상황별 변화,trigger_posture,가만히 있으면 괜찮아요.
Q0057,통증 시간대/상황별 변화,time_variation,아침에 일어날 때 더 아파요
Q0057,통증 시간대/상황별 변화,time_variation,아침에는 몸이 뻣뻣하고 아파요
Q0057,통증 시간대/상황별 변화,time_variation,밤에 통증이 더 심해요
Q0057,통증 시간대/상황별 변화,time_variation,밤에 특히 더 욱신거려요
Q0057,통증 시간대/상황별 변화,time_variation,자다가 아파서 깰 때가 있어요
Q0057,통증 시간대/상황별 변화,time_variation,잠을 잘 때도 계속 아파요
Q0057,통증 시간대/상황별 변화,time_variation,저녁에 잘 때 아파요
Q0057,통증 시간대/상황별 변화,time_variation,누워 있을 때 더 아파요
Q0057,통증 시간대/상황별 변화,time_variation,아침에는 덜 아픈데 밤에 더 아파요
Q0057,통증 시간대/상황별 변화,time_variation,일어나면 조금 괜찮아져요
Q0057,통증 시간대/상황별 변화,time_variation,시간과 상황에 상관없이 3-4시간 주기로 아파요.
Q0057,통증 시간대/상황별 변화,time_variation,앉았다 일어설 때 아파요.
Q0057,통증 시간대/상황별 변화,time_variation,아침에 일어날 때 더 아파요.
Q0057,통증 시간대/상황별 변화,time_variation,저녁에 더 심해집니다.
Q0057,통증 시간대/상황별 변화,time_variation,밤에 특히 욱신거려요.
Q0057,통증 시간대/상황별 변화,time_variation,자다가 아파서 깹니다.
Q0057,통증 시간대/상황별 변화,time_variation,오후부터 심해져요.
Q0057,통증 시간대/상황별 변화,time_variation,하루 종일 비슷합니다.
Q0057,통증 시간대/상황별 변화,time_variation,활동하고 나면 저녁에 심합니다.
Q0057,통증 시간대/상황별 변화,time_variation,일어나서 움직이면 조금 풀립니다.
Q0058,통증 시간대/상황별 변화,trigger_posture,아침에 일어날 때 더 아파요
Q0058,통증 시간대/상황별 변화,trigger_posture,아침에는 몸이 뻣뻣하고 아파요
Q0058,통증 시간대/상황별 변화,trigger_posture,밤에 통증이 더 심해요
Q0058,통증 시간대/상황별 변화,trigger_posture,밤에 특히 더 욱신거려요
Q0058,통증 시간대/상황별 변화,trigger_posture,자다가 아파서 깰 때가 있어요
Q0058,통증 시간대/상황별 변화,trigger_posture,잠을 잘 때도 계속 아파요
Q0058,통증 시간대/상황별 변화,trigger_posture,저녁에 잘 때 아파요
Q0058,통증 시간대/상황별 변화,trigger_posture,누워 있을 때 더 아파요
Q0058,통증 시간대/상황별 변화,trigger_posture,아침에는 덜 아픈데 밤에 더 아파요
Q0058,통증 시간대/상황별 변화,trigger_posture,일어나면 조금 괜찮아져요
Q0058,통증 시간대/상황별 변화,trigger_posture,시간과 상황에 상관없이 3-4시간 주기로 아파요.
Q0058,통증 시간대/상황별 변화,trigger_posture,앉았다 일어설 때 아파요.
Q0058,통증 시간대/상황별 변화,trigger_posture,앉아 있으면 더 아픕니다.
Q0058,통증 시간대/상황별 변화,trigger_posture,오래 서 있으면 심해져요.
Q0058,통증 시간대/상황별 변화,trigger_posture,걸으면 더 아파요.
Q0058,통증 시간대/상황별 변화,trigger_posture,계단 내려갈 때 아픕니다.
Q0058,통증 시간대/상황별 변화,trigger_posture,허리를 숙이면 통증이 올라와요.
Q0058,통증 시간대/상황별 변화,trigger_posture,허리를 펴면 조금 편합니다.
Q0058,통증 시간대/상황별 변화,trigger_posture,누우면 좀 괜찮아져요.
Q0058,통증 시간대/상황별 변화,trigger_posture,가만히 있으면 괜찮아요.
Q0059,통증 시간대/상황별 변화,trigger_posture,아침에 일어날 때 더 아파요
Q0059,통증 시간대/상황별 변화,trigger_posture,아침에는 몸이 뻣뻣하고 아파요
Q0059,통증 시간대/상황별 변화,trigger_posture,밤에 통증이 더 심해요
Q0059,통증 시간대/상황별 변화,trigger_posture,밤에 특히 더 욱신거려요
Q0059,통증 시간대/상황별 변화,trigger_posture,자다가 아파서 깰 때가 있어요
Q0059,통증 시간대/상황별 변화,trigger_posture,잠을 잘 때도 계속 아파요
Q0059,통증 시간대/상황별 변화,trigger_posture,저녁에 잘 때 아파요
Q0059,통증 시간대/상황별 변화,trigger_posture,누워 있을 때 더 아파요
Q0059,통증 시간대/상황별 변화,trigger_posture,아침에는 덜 아픈데 밤에 더 아파요
Q0059,통증 시간대/상황별 변화,trigger_posture,일어나면 조금 괜찮아져요
Q0059,통증 시간대/상황별 변화,trigger_posture,시간과 상황에 상관없이 3-4시간 주기로 아파요.
Q0059,통증 시간대/상황별 변화,trigger_posture,앉았다 일어설 때 아파요.
Q0059,통증 시간대/상황별 변화,trigger_posture,앉아 있으면 더 아픕니다.
Q0059,통증 시간대/상황별 변화,trigger_posture,오래 서 있으면 심해져요.
Q0059,통증 시간대/상황별 변화,trigger_posture,걸으면 더 아파요.
Q0059,통증 시간대/상황별 변화,trigger_posture,계단 내려갈 때 아픕니다.
Q0059,통증 시간대/상황별 변화,trigger_posture,허리를 숙이면 통증이 올라와요.
Q0059,통증 시간대/상황별 변화,trigger_posture,허리를 펴면 조금 편합니다.
Q0059,통증 시간대/상황별 변화,trigger_posture,누우면 좀 괜찮아져요.
Q0059,통증 시간대/상황별 변화,trigger_posture,가만히 있으면 괜찮아요.
Q0060,통증 시간대/상황별 변화,severity,아침에 일어날 때 더 아파요
Q0060,통증 시간대/상황별 변화,severity,아침에는 몸이 뻣뻣하고 아파요
Q0060,통증 시간대/상황별 변화,severity,밤에 통증이 더 심해요
Q0060,통증 시간대/상황별 변화,severity,밤에 특히 더 욱신거려요
Q0060,통증 시간대/상황별 변화,severity,자다가 아파서 깰 때가 있어요
Q0060,통증 시간대/상황별 변화,severity,잠을 잘 때도 계속 아파요
Q0060,통증 시간대/상황별 변화,severity,저녁에 잘 때 아파요
Q0060,통증 시간대/상황별 변화,severity,누워 있을 때 더 아파요
Q0060,통증 시간대/상황별 변화,severity,아침에는 덜 아픈데 밤에 더 아파요
Q0060,통증 시간대/상황별 변화,severity,일어나면 조금 괜찮아져요
Q0060,통증 시간대/상황별 변화,severity,시간과 상황에 상관없이 3-4시간 주기로 아파요.
Q0060,통증 시간대/상황별 변화,severity,앉았다 일어설 때 아파요.
Q0060,통증 시간대/상황별 변화,severity,참을 만해요.
Q0060,통증 시간대/상황별 변화,severity,많이 아파요.
Q0060,통증 시간대/상황별 변화,severity,너무 아파요.
Q0060,통증 시간대/상황별 변화,severity,움직이기 힘들어요.
Q0060,통증 시간대/상황별 변화,severity,잠을 못 잘 정도로 아파요.
Q0060,통증 시간대/상황별 변화,severity,일상생활이 어렵습니다.
Q0060,통증 시간대/상황별 변화,severity,조금 불편한 정도입니다.
Q0060,통증 시간대/상황별 변화,severity,걸을 때마다 심합니다.
Q0061,통증 시간대/상황별 변화,trigger_posture,앉아 있으면 더 아픕니다.
Q0061,통증 시간대/상황별 변화,trigger_posture,오래 서 있으면 심해져요.
Q0061,통증 시간대/상황별 변화,trigger_posture,걸으면 더 아파요.
Q0061,통증 시간대/상황별 변화,trigger_posture,계단 내려갈 때 아픕니다.
Q0061,통증 시간대/상황별 변화,trigger_posture,허리를 숙이면 통증이 올라와요.
Q0061,통증 시간대/상황별 변화,trigger_posture,허리를 펴면 조금 편합니다.
Q0061,통증 시간대/상황별 변화,trigger_posture,누우면 좀 괜찮아져요.
Q0061,통증 시간대/상황별 변화,trigger_posture,가만히 있으면 괜찮아요.
Q0061,통증 시간대/상황별 변화,trigger_posture,움직이면 더 아파요.
Q0061,통증 시간대/상황별 변화,trigger_posture,기침하면 허리까지 울립니다.
Q0061,통증 시간대/상황별 변화,trigger_posture,고개를 돌리면 목이 아픕니다.
Q0061,통증 시간대/상황별 변화,trigger_posture,팔을 올리면 어깨가 아파요.
Q0061,통증 시간대/상황별 변화,trigger_posture,쪼그려 앉으면 무릎이 아파요.
Q0061,통증 시간대/상황별 변화,trigger_posture,운전하고 나면 허리가 뻐근합니다.
Q0061,통증 시간대/상황별 변화,trigger_posture,아침에 일어날 때 더 아파요.
Q0062,통증 시간대/상황별 변화,trigger_posture,앉아 있으면 더 아픕니다.
Q0062,통증 시간대/상황별 변화,trigger_posture,오래 서 있으면 심해져요.
Q0062,통증 시간대/상황별 변화,trigger_posture,걸으면 더 아파요.
Q0062,통증 시간대/상황별 변화,trigger_posture,계단 내려갈 때 아픕니다.
Q0062,통증 시간대/상황별 변화,trigger_posture,허리를 숙이면 통증이 올라와요.
Q0062,통증 시간대/상황별 변화,trigger_posture,허리를 펴면 조금 편합니다.
Q0062,통증 시간대/상황별 변화,trigger_posture,누우면 좀 괜찮아져요.
Q0062,통증 시간대/상황별 변화,trigger_posture,가만히 있으면 괜찮아요.
Q0062,통증 시간대/상황별 변화,trigger_posture,움직이면 더 아파요.
Q0062,통증 시간대/상황별 변화,trigger_posture,기침하면 허리까지 울립니다.
Q0062,통증 시간대/상황별 변화,trigger_posture,고개를 돌리면 목이 아픕니다.
Q0062,통증 시간대/상황별 변화,trigger_posture,팔을 올리면 어깨가 아파요.
Q0062,통증 시간대/상황별 변화,trigger_posture,쪼그려 앉으면 무릎이 아파요.
Q0062,통증 시간대/상황별 변화,trigger_posture,운전하고 나면 허리가 뻐근합니다.
Q0062,통증 시간대/상황별 변화,trigger_posture,아침에 일어날 때 더 아파요.
Q0063,통증 시간대/상황별 변화,trigger_posture,앉아 있으면 더 아픕니다.
Q0063,통증 시간대/상황별 변화,trigger_posture,오래 서 있으면 심해져요.
Q0063,통증 시간대/상황별 변화,trigger_posture,걸으면 더 아파요.
Q0063,통증 시간대/상황별 변화,trigger_posture,계단 내려갈 때 아픕니다.
Q0063,통증 시간대/상황별 변화,trigger_posture,허리를 숙이면 통증이 올라와요.
Q0063,통증 시간대/상황별 변화,trigger_posture,허리를 펴면 조금 편합니다.
Q0063,통증 시간대/상황별 변화,trigger_posture,누우면 좀 괜찮아져요.
Q0063,통증 시간대/상황별 변화,trigger_posture,가만히 있으면 괜찮아요.
Q0063,통증 시간대/상황별 변화,trigger_posture,움직이면 더 아파요.
Q0063,통증 시간대/상황별 변화,trigger_posture,기침하면 허리까지 울립니다.
Q0063,통증 시간대/상황별 변화,trigger_posture,고개를 돌리면 목이 아픕니다.
Q0063,통증 시간대/상황별 변화,trigger_posture,팔을 올리면 어깨가 아파요.
Q0063,통증 시간대/상황별 변화,trigger_posture,쪼그려 앉으면 무릎이 아파요.
Q0063,통증 시간대/상황별 변화,trigger_posture,운전하고 나면 허리가 뻐근합니다.
Q0063,통증 시간대/상황별 변화,trigger_posture,아침에 일어날 때 더 아파요.
Q0064,통증 시간대/상황별 변화,severity,참을 만해요.
Q0064,통증 시간대/상황별 변화,severity,많이 아파요.
Q0064,통증 시간대/상황별 변화,severity,너무 아파요.
Q0064,통증 시간대/상황별 변화,severity,움직이기 힘들어요.
Q0064,통증 시간대/상황별 변화,severity,잠을 못 잘 정도로 아파요.
Q0064,통증 시간대/상황별 변화,severity,일상생활이 어렵습니다.
Q0064,통증 시간대/상황별 변화,severity,조금 불편한 정도입니다.
Q0064,통증 시간대/상황별 변화,severity,걸을 때마다 심합니다.
Q0064,통증 시간대/상황별 변화,severity,가끔 심해집니다.
Q0064,통증 시간대/상황별 변화,severity,계속 신경 쓰일 정도입니다.
Q0065,통증 시간대/상황별 변화,trigger_posture,앉아 있으면 더 아픕니다.
Q0065,통증 시간대/상황별 변화,trigger_posture,오래 서 있으면 심해져요.
Q0065,통증 시간대/상황별 변화,trigger_posture,걸으면 더 아파요.
Q0065,통증 시간대/상황별 변화,trigger_posture,계단 내려갈 때 아픕니다.
Q0065,통증 시간대/상황별 변화,trigger_posture,허리를 숙이면 통증이 올라와요.
Q0065,통증 시간대/상황별 변화,trigger_posture,허리를 펴면 조금 편합니다.
Q0065,통증 시간대/상황별 변화,trigger_posture,누우면 좀 괜찮아져요.
Q0065,통증 시간대/상황별 변화,trigger_posture,가만히 있으면 괜찮아요.
Q0065,통증 시간대/상황별 변화,trigger_posture,움직이면 더 아파요.
Q0065,통증 시간대/상황별 변화,trigger_posture,기침하면 허리까지 울립니다.
Q0065,통증 시간대/상황별 변화,trigger_posture,고개를 돌리면 목이 아픕니다.
Q0065,통증 시간대/상황별 변화,trigger_posture,팔을 올리면 어깨가 아파요.
Q0065,통증 시간대/상황별 변화,trigger_posture,쪼그려 앉으면 무릎이 아파요.
Q0065,통증 시간대/상황별 변화,trigger_posture,운전하고 나면 허리가 뻐근합니다.
Q0065,통증 시간대/상황별 변화,trigger_posture,아침에 일어날 때 더 아파요.
Q0066,통증 시간대/상황별 변화,severity,참을 만해요.
Q0066,통증 시간대/상황별 변화,severity,많이 아파요.
Q0066,통증 시간대/상황별 변화,severity,너무 아파요.
Q0066,통증 시간대/상황별 변화,severity,움직이기 힘들어요.
Q0066,통증 시간대/상황별 변화,severity,잠을 못 잘 정도로 아파요.
Q0066,통증 시간대/상황별 변화,severity,일상생활이 어렵습니다.
Q0066,통증 시간대/상황별 변화,severity,조금 불편한 정도입니다.
Q0066,통증 시간대/상황별 변화,severity,걸을 때마다 심합니다.
Q0066,통증 시간대/상황별 변화,severity,가끔 심해집니다.
Q0066,통증 시간대/상황별 변화,severity,계속 신경 쓰일 정도입니다.
Q0067,통증 지속성/패턴,trigger_posture,계속 아파요
Q0067,통증 지속성/패턴,trigger_posture,하루 종일 아파요
Q0067,통증 지속성/패턴,trigger_posture,항상 은근히 아파요
Q0067,통증 지속성/패턴,trigger_posture,아팠다 안 아팠다 해요
Q0067,통증 지속성/패턴,trigger_posture,가끔씩 아파요
Q0067,통증 지속성/패턴,trigger_posture,통증이 왔다 갔다 해요
Q0067,통증 지속성/패턴,trigger_posture,자꾸 저려요
Q0067,통증 지속성/패턴,trigger_posture,밤마다 아파요
Q0067,통증 지속성/패턴,trigger_posture,한 번 아프면 한참 가요
Q0067,통증 지속성/패턴,trigger_posture,계속 아프다가 좀 괜찮아졌다가 또 아파요
Q0067,통증 지속성/패턴,trigger_posture,앉아 있으면 더 아픕니다.
Q0067,통증 지속성/패턴,trigger_posture,오래 서 있으면 심해져요.
Q0067,통증 지속성/패턴,trigger_posture,걸으면 더 아파요.
Q0067,통증 지속성/패턴,trigger_posture,계단 내려갈 때 아픕니다.
Q0067,통증 지속성/패턴,trigger_posture,허리를 숙이면 통증이 올라와요.
Q0067,통증 지속성/패턴,trigger_posture,허리를 펴면 조금 편합니다.
Q0067,통증 지속성/패턴,trigger_posture,누우면 좀 괜찮아져요.
Q0067,통증 지속성/패턴,trigger_posture,가만히 있으면 괜찮아요.
Q0067,통증 지속성/패턴,trigger_posture,움직이면 더 아파요.
Q0067,통증 지속성/패턴,trigger_posture,기침하면 허리까지 울립니다.
Q0068,통증 지속성/패턴,pattern,계속 아파요
Q0068,통증 지속성/패턴,pattern,하루 종일 아파요
Q0068,통증 지속성/패턴,pattern,항상 은근히 아파요
Q0068,통증 지속성/패턴,pattern,아팠다 안 아팠다 해요
Q0068,통증 지속성/패턴,pattern,가끔씩 아파요
Q0068,통증 지속성/패턴,pattern,통증이 왔다 갔다 해요
Q0068,통증 지속성/패턴,pattern,자꾸 저려요
Q0068,통증 지속성/패턴,pattern,밤마다 아파요
Q0068,통증 지속성/패턴,pattern,한 번 아프면 한참 가요
Q0068,통증 지속성/패턴,pattern,계속 아프다가 좀 괜찮아졌다가 또 아파요
Q0068,통증 지속성/패턴,pattern,계속 아파요.
Q0068,통증 지속성/패턴,pattern,하루 종일 아픕니다.
Q0068,통증 지속성/패턴,pattern,왔다 갔다 해요.
Q0068,통증 지속성/패턴,pattern,아팠다 안 아팠다 합니다.
Q0068,통증 지속성/패턴,pattern,가끔씩 심해져요.
Q0068,통증 지속성/패턴,pattern,밤마다 반복됩니다.
Q0068,통증 지속성/패턴,pattern,일정하게 계속 아픕니다.
Q0068,통증 지속성/패턴,pattern,움직일 때만 아파요.
Q0068,통증 지속성/패턴,pattern,한 번 아프면 오래 갑니다.
Q0068,통증 지속성/패턴,pattern,최근에는 점점 심해져요.
Q0069,통증 지속성/패턴,trigger_posture,계속 아파요
Q0069,통증 지속성/패턴,trigger_posture,하루 종일 아파요
Q0069,통증 지속성/패턴,trigger_posture,항상 은근히 아파요
Q0069,통증 지속성/패턴,trigger_posture,아팠다 안 아팠다 해요
Q0069,통증 지속성/패턴,trigger_posture,가끔씩 아파요
Q0069,통증 지속성/패턴,trigger_posture,통증이 왔다 갔다 해요
Q0069,통증 지속성/패턴,trigger_posture,자꾸 저려요
Q0069,통증 지속성/패턴,trigger_posture,밤마다 아파요
Q0069,통증 지속성/패턴,trigger_posture,한 번 아프면 한참 가요
Q0069,통증 지속성/패턴,trigger_posture,계속 아프다가 좀 괜찮아졌다가 또 아파요
Q0069,통증 지속성/패턴,trigger_posture,앉아 있으면 더 아픕니다.
Q0069,통증 지속성/패턴,trigger_posture,오래 서 있으면 심해져요.
Q0069,통증 지속성/패턴,trigger_posture,걸으면 더 아파요.
Q0069,통증 지속성/패턴,trigger_posture,계단 내려갈 때 아픕니다.
Q0069,통증 지속성/패턴,trigger_posture,허리를 숙이면 통증이 올라와요.
Q0069,통증 지속성/패턴,trigger_posture,허리를 펴면 조금 편합니다.
Q0069,통증 지속성/패턴,trigger_posture,누우면 좀 괜찮아져요.
Q0069,통증 지속성/패턴,trigger_posture,가만히 있으면 괜찮아요.
Q0069,통증 지속성/패턴,trigger_posture,움직이면 더 아파요.
Q0069,통증 지속성/패턴,trigger_posture,기침하면 허리까지 울립니다.
Q0070,통증 지속성/패턴,pattern,계속 아파요
Q0070,통증 지속성/패턴,pattern,하루 종일 아파요
Q0070,통증 지속성/패턴,pattern,항상 은근히 아파요
Q0070,통증 지속성/패턴,pattern,아팠다 안 아팠다 해요
Q0070,통증 지속성/패턴,pattern,가끔씩 아파요
Q0070,통증 지속성/패턴,pattern,통증이 왔다 갔다 해요
Q0070,통증 지속성/패턴,pattern,자꾸 저려요
Q0070,통증 지속성/패턴,pattern,밤마다 아파요
Q0070,통증 지속성/패턴,pattern,한 번 아프면 한참 가요
Q0070,통증 지속성/패턴,pattern,계속 아프다가 좀 괜찮아졌다가 또 아파요
Q0070,통증 지속성/패턴,pattern,계속 아파요.
Q0070,통증 지속성/패턴,pattern,하루 종일 아픕니다.
Q0070,통증 지속성/패턴,pattern,왔다 갔다 해요.
Q0070,통증 지속성/패턴,pattern,아팠다 안 아팠다 합니다.
Q0070,통증 지속성/패턴,pattern,가끔씩 심해져요.
Q0070,통증 지속성/패턴,pattern,밤마다 반복됩니다.
Q0070,통증 지속성/패턴,pattern,일정하게 계속 아픕니다.
Q0070,통증 지속성/패턴,pattern,움직일 때만 아파요.
Q0070,통증 지속성/패턴,pattern,한 번 아프면 오래 갑니다.
Q0070,통증 지속성/패턴,pattern,최근에는 점점 심해져요.
Q0071,통증 지속성/패턴,pattern,계속 아파요
Q0071,통증 지속성/패턴,pattern,하루 종일 아파요
Q0071,통증 지속성/패턴,pattern,항상 은근히 아파요
Q0071,통증 지속성/패턴,pattern,아팠다 안 아팠다 해요
Q0071,통증 지속성/패턴,pattern,가끔씩 아파요
Q0071,통증 지속성/패턴,pattern,통증이 왔다 갔다 해요
Q0071,통증 지속성/패턴,pattern,자꾸 저려요
Q0071,통증 지속성/패턴,pattern,밤마다 아파요
Q0071,통증 지속성/패턴,pattern,한 번 아프면 한참 가요
Q0071,통증 지속성/패턴,pattern,계속 아프다가 좀 괜찮아졌다가 또 아파요
Q0071,통증 지속성/패턴,pattern,계속 아파요.
Q0071,통증 지속성/패턴,pattern,하루 종일 아픕니다.
Q0071,통증 지속성/패턴,pattern,왔다 갔다 해요.
Q0071,통증 지속성/패턴,pattern,아팠다 안 아팠다 합니다.
Q0071,통증 지속성/패턴,pattern,가끔씩 심해져요.
Q0071,통증 지속성/패턴,pattern,밤마다 반복됩니다.
Q0071,통증 지속성/패턴,pattern,일정하게 계속 아픕니다.
Q0071,통증 지속성/패턴,pattern,움직일 때만 아파요.
Q0071,통증 지속성/패턴,pattern,한 번 아프면 오래 갑니다.
Q0071,통증 지속성/패턴,pattern,최근에는 점점 심해져요.
Q0072,통증 지속성/패턴,pattern,계속 아파요
Q0072,통증 지속성/패턴,pattern,하루 종일 아파요
Q0072,통증 지속성/패턴,pattern,항상 은근히 아파요
Q0072,통증 지속성/패턴,pattern,아팠다 안 아팠다 해요
Q0072,통증 지속성/패턴,pattern,가끔씩 아파요
Q0072,통증 지속성/패턴,pattern,통증이 왔다 갔다 해요
Q0072,통증 지속성/패턴,pattern,자꾸 저려요
Q0072,통증 지속성/패턴,pattern,밤마다 아파요
Q0072,통증 지속성/패턴,pattern,한 번 아프면 한참 가요
Q0072,통증 지속성/패턴,pattern,계속 아프다가 좀 괜찮아졌다가 또 아파요
Q0072,통증 지속성/패턴,pattern,계속 아파요.
Q0072,통증 지속성/패턴,pattern,하루 종일 아픕니다.
Q0072,통증 지속성/패턴,pattern,왔다 갔다 해요.
Q0072,통증 지속성/패턴,pattern,아팠다 안 아팠다 합니다.
Q0072,통증 지속성/패턴,pattern,가끔씩 심해져요.
Q0072,통증 지속성/패턴,pattern,밤마다 반복됩니다.
Q0072,통증 지속성/패턴,pattern,일정하게 계속 아픕니다.
Q0072,통증 지속성/패턴,pattern,움직일 때만 아파요.
Q0072,통증 지속성/패턴,pattern,한 번 아프면 오래 갑니다.
Q0072,통증 지속성/패턴,pattern,최근에는 점점 심해져요.
Q0073,통증 지속성/패턴,duration,한 번 아프면 10분 정도 갑니다.
Q0073,통증 지속성/패턴,duration,보통 30분 정도 지속됩니다.
Q0073,통증 지속성/패턴,duration,몇 시간씩 갑니다.
Q0073,통증 지속성/패턴,duration,하루 종일 이어져요.
Q0073,통증 지속성/패턴,duration,잠깐 아팠다가 사라집니다.
Q0073,통증 지속성/패턴,duration,한참 가다가 쉬면 줄어듭니다.
Q0073,통증 지속성/패턴,duration,밤새 계속됩니다.
Q0073,통증 지속성/패턴,duration,움직이는 동안만 아파요.
Q0074,통증 지속성/패턴,frequency,하루에 한두 번 옵니다.
Q0074,통증 지속성/패턴,frequency,일주일에 두세 번 생겨요.
Q0074,통증 지속성/패턴,frequency,매일 있습니다.
Q0074,통증 지속성/패턴,frequency,밤마다 옵니다.
Q0074,통증 지속성/패턴,frequency,계단 오를 때마다 아파요.
Q0074,통증 지속성/패턴,frequency,가끔 생각날 정도입니다.
Q0074,통증 지속성/패턴,frequency,요즘은 자주 옵니다.
Q0074,통증 지속성/패턴,frequency,한 달에 한 번 정도입니다.
Q0075,과거질환,history,없어요
Q0075,과거질환,history,특별한 병은 없어요
Q0075,과거질환,history,고혈압은 없어요
Q0075,과거질환,history,당뇨는 없어요
Q0075,과거질환,history,고혈압이 있어요
Q0075,과거질환,history,당뇨가 있어서 약 먹고 있어요
Q0075,과거질환,history,예전에 결핵 앓았어요
Q0075,과거질환,history,간염 진단받은 적 있어요
Q0075,과거질환,history,고혈압 때문에 약을 먹고 있어요
Q0075,과거질환,history,예전에 있었는데 지금은 괜찮아요
Q0075,과거질환,history,특별한 병은 없어요.
Q0075,과거질환,history,고혈압이 있습니다.
Q0075,과거질환,history,당뇨가 있습니다.
Q0075,과거질환,history,고혈압약을 먹고 있습니다.
Q0075,과거질환,history,당뇨약을 복용 중입니다.
Q0075,과거질환,history,예전에 결핵을 앓았습니다.
Q0075,과거질환,history,간염 진단받은 적 있습니다.
Q0075,과거질환,history,심장질환으로 진료받고 있습니다.
Q0075,과거질환,history,신장질환이 있습니다.
Q0075,과거질환,history,골다공증이 있습니다.
Q0076,과거질환,history,없어요
Q0076,과거질환,history,특별한 병은 없어요
Q0076,과거질환,history,고혈압은 없어요
Q0076,과거질환,history,당뇨는 없어요
Q0076,과거질환,history,고혈압이 있어요
Q0076,과거질환,history,당뇨가 있어서 약 먹고 있어요
Q0076,과거질환,history,예전에 결핵 앓았어요
Q0076,과거질환,history,간염 진단받은 적 있어요
Q0076,과거질환,history,고혈압 때문에 약을 먹고 있어요
Q0076,과거질환,history,예전에 있었는데 지금은 괜찮아요
Q0076,과거질환,history,특별한 병은 없어요.
Q0076,과거질환,history,고혈압이 있습니다.
Q0076,과거질환,history,당뇨가 있습니다.
Q0076,과거질환,history,고혈압약을 먹고 있습니다.
Q0076,과거질환,history,당뇨약을 복용 중입니다.
Q0076,과거질환,history,예전에 결핵을 앓았습니다.
Q0076,과거질환,history,간염 진단받은 적 있습니다.
Q0076,과거질환,history,심장질환으로 진료받고 있습니다.
Q0076,과거질환,history,신장질환이 있습니다.
Q0076,과거질환,history,골다공증이 있습니다.
Q0077,과거질환,history,특별한 병은 없어요.
Q0077,과거질환,history,고혈압이 있습니다.
Q0077,과거질환,history,당뇨가 있습니다.
Q0077,과거질환,history,고혈압약을 먹고 있습니다.
Q0077,과거질환,history,당뇨약을 복용 중입니다.
Q0077,과거질환,history,예전에 결핵을 앓았습니다.
Q0077,과거질환,history,간염 진단받은 적 있습니다.
Q0077,과거질환,history,심장질환으로 진료받고 있습니다.
Q0077,과거질환,history,신장질환이 있습니다.
Q0077,과거질환,history,골다공증이 있습니다.
Q0077,과거질환,history,암 치료받은 적이 있습니다.
Q0077,과거질환,history,류마티스 관절염이 있습니다.
Q0078,과거질환,history,특별한 병은 없어요.
Q0078,과거질환,history,고혈압이 있습니다.
Q0078,과거질환,history,당뇨가 있습니다.
Q0078,과거질환,history,고혈압약을 먹고 있습니다.
Q0078,과거질환,history,당뇨약을 복용 중입니다.
Q0078,과거질환,history,예전에 결핵을 앓았습니다.
Q0078,과거질환,history,간염 진단받은 적 있습니다.
Q0078,과거질환,history,심장질환으로 진료받고 있습니다.
Q0078,과거질환,history,신장질환이 있습니다.
Q0078,과거질환,history,골다공증이 있습니다.
Q0078,과거질환,history,암 치료받은 적이 있습니다.
Q0078,과거질환,history,류마티스 관절염이 있습니다.
Q0079,과거질환,history,"심장질환으로 한 달에 한 번씩 병원도 가고, 매일 약도 먹고 있어요."
Q0079,과거질환,history,특별한 병은 없어요.
Q0079,과거질환,history,고혈압이 있습니다.
Q0079,과거질환,history,당뇨가 있습니다.
Q0079,과거질환,history,고혈압약을 먹고 있습니다.
Q0079,과거질환,history,당뇨약을 복용 중입니다.
Q0079,과거질환,history,예전에 결핵을 앓았습니다.
Q0079,과거질환,history,간염 진단받은 적 있습니다.
Q0079,과거질환,history,심장질환으로 진료받고 있습니다.
Q0079,과거질환,history,신장질환이 있습니다.
Q0079,과거질환,history,골다공증이 있습니다.
Q0079,과거질환,history,암 치료받은 적이 있습니다.
Q0079,과거질환,history,류마티스 관절염이 있습니다.
Q0080,약물복용,medication_use,없어요
Q0080,약물복용,medication_use,약은 따로 안 먹어요
Q0080,약물복용,medication_use,진통제 가끔 먹어요
Q0080,약물복용,medication_use,병원에서 처방받아서 먹고 있어요
Q0080,약물복용,medication_use,혈압약먹고 있어요
Q0080,약물복용,medication_use,당뇨약 복용 중이에요
Q0080,약물복용,medication_use,한약은 안 먹어요
Q0080,약물복용,medication_use,필요할 때만 약 먹어요
Q0080,약물복용,medication_use,영양제는 먹고 있어요
Q0080,약물복용,medication_use,다른 약은 안 먹어요
Q0080,약물복용,medication_use,약은 따로 안 먹어요.
Q0080,약물복용,medication_use,진통제를 가끔 먹습니다.
Q0080,약물복용,medication_use,혈압약 먹고 있어요.
Q0080,약물복용,medication_use,당뇨약 복용 중입니다.
Q0080,약물복용,medication_use,한약은 안 먹습니다.
Q0080,약물복용,medication_use,영양제는 먹고 있어요.
Q0080,약물복용,medication_use,항응고제를 복용 중입니다.
Q0080,약물복용,medication_use,아스피린을 먹고 있습니다.
Q0080,약물복용,medication_use,스테로이드는 먹지 않습니다.
Q0080,약물복용,medication_use,필요할 때만 약 먹어요.
Q0081,약물복용,medication_use,없어요
Q0081,약물복용,medication_use,약은 따로 안 먹어요
Q0081,약물복용,medication_use,진통제 가끔 먹어요
Q0081,약물복용,medication_use,병원에서 처방받아서 먹고 있어요
Q0081,약물복용,medication_use,혈압약먹고 있어요
Q0081,약물복용,medication_use,당뇨약 복용 중이에요
Q0081,약물복용,medication_use,한약은 안 먹어요
Q0081,약물복용,medication_use,필요할 때만 약 먹어요
Q0081,약물복용,medication_use,영양제는 먹고 있어요
Q0081,약물복용,medication_use,다른 약은 안 먹어요
Q0081,약물복용,medication_use,약은 따로 안 먹어요.
Q0081,약물복용,medication_use,진통제를 가끔 먹습니다.
Q0081,약물복용,medication_use,혈압약 먹고 있어요.
Q0081,약물복용,medication_use,당뇨약 복용 중입니다.
Q0081,약물복용,medication_use,한약은 안 먹습니다.
Q0081,약물복용,medication_use,영양제는 먹고 있어요.
Q0081,약물복용,medication_use,항응고제를 복용 중입니다.
Q0081,약물복용,medication_use,아스피린을 먹고 있습니다.
Q0081,약물복용,medication_use,스테로이드는 먹지 않습니다.
Q0081,약물복용,medication_use,필요할 때만 약 먹어요.
Q0082,약물복용,medication_use,없어요
Q0082,약물복용,medication_use,약은 따로 안 먹어요
Q0082,약물복용,medication_use,진통제 가끔 먹어요
Q0082,약물복용,medication_use,병원에서 처방받아서 먹고 있어요
Q0082,약물복용,medication_use,혈압약먹고 있어요
Q0082,약물복용,medication_use,당뇨약 복용 중이에요
Q0082,약물복용,medication_use,한약은 안 먹어요
Q0082,약물복용,medication_use,필요할 때만 약 먹어요
Q0082,약물복용,medication_use,영양제는 먹고 있어요
Q0082,약물복용,medication_use,다른 약은 안 먹어요
Q0082,약물복용,medication_use,약은 따로 안 먹어요.
Q0082,약물복용,medication_use,진통제를 가끔 먹습니다.
Q0082,약물복용,medication_use,혈압약 먹고 있어요.
Q0082,약물복용,medication_use,당뇨약 복용 중입니다.
Q0082,약물복용,medication_use,한약은 안 먹습니다.
Q0082,약물복용,medication_use,영양제는 먹고 있어요.
Q0082,약물복용,medication_use,항응고제를 복용 중입니다.
Q0082,약물복용,medication_use,아스피린을 먹고 있습니다.
Q0082,약물복용,medication_use,스테로이드는 먹지 않습니다.
Q0082,약물복용,medication_use,필요할 때만 약 먹어요.
Q0083,약물복용,medication_name,신경통 약(Kabalin)을 먹고 있어요.
Q0083,약물복용,medication_name,진통제(Loxfen)을 먹다가 끊었어요.
Q0083,약물복용,medication_name,"정신과약(duroceptol)먹고 있는데, 약이 뭔지는 몰라요."
Q0083,약물복용,medication_name,개인병원에서 근이완제(Exonin) 주셔서 몇 일먹고 왔어요.
Q0083,약물복용,medication_name,신경통 약을 먹고 있어요.
Q0083,약물복용,medication_name,진통제를 먹다가 끊었습니다.
Q0083,약물복용,medication_name,근이완제를 며칠 먹었습니다.
Q0083,약물복용,medication_name,혈압약을 매일 먹습니다.
Q0083,약물복용,medication_name,당뇨약을 복용합니다.
Q0083,약물복용,medication_name,정신과약을 먹고 있습니다.
Q0083,약물복용,medication_name,약 이름은 잘 모르겠습니다.
Q0083,약물복용,medication_name,아스피린을 복용 중입니다.
Q0083,약물복용,medication_name,와파린을 먹고 있습니다.
Q0083,약물복용,medication_name,처방전은 가져왔습니다.
Q0084,알레르기 및 약물반응,associated,없어요
Q0084,알레르기 및 약물반응,associated,약 먹어도 괜찮아요
Q0084,알레르기 및 약물반응,associated,부작용은 없어요
Q0084,알레르기 및 약물반응,associated,어지러운 적 있어요
Q0084,알레르기 및 약물반응,associated,진통제 먹으면 어지러워요
Q0084,알레르기 및 약물반응,associated,약 먹으면 속이 울렁거려요
Q0084,알레르기 및 약물반응,associated,알레르기 있어요
Q0084,알레르기 및 약물반응,associated,약 먹으면 두드러기 나요
Q0084,알레르기 및 약물반응,associated,붓는 증상이 있어요
Q0084,알레르기 및 약물반응,associated,가려움이 생겨요
Q0084,알레르기 및 약물반응,associated,다리가 저려요.
Q0084,알레르기 및 약물반응,associated,발목 힘이 빠집니다.
Q0084,알레르기 및 약물반응,associated,감각이 둔합니다.
Q0084,알레르기 및 약물반응,associated,발이 붓습니다.
Q0084,알레르기 및 약물반응,associated,열감이 있어요.
Q0084,알레르기 및 약물반응,associated,어지럽고 울렁거려요.
Q0084,알레르기 및 약물반응,associated,구역질이 납니다.
Q0084,알레르기 및 약물반응,associated,식은땀이 나요.
Q0084,알레르기 및 약물반응,associated,다른 증상은 없어요.
Q0084,알레르기 및 약물반응,associated,무릎 관절도 같이 아파요.
Q0085,알레르기 및 약물반응,adverse_reaction,없어요
Q0085,알레르기 및 약물반응,adverse_reaction,약 먹어도 괜찮아요
Q0085,알레르기 및 약물반응,adverse_reaction,부작용은 없어요
Q0085,알레르기 및 약물반응,adverse_reaction,어지러운 적 있어요
Q0085,알레르기 및 약물반응,adverse_reaction,진통제 먹으면 어지러워요
Q0085,알레르기 및 약물반응,adverse_reaction,약 먹으면 속이 울렁거려요
Q0085,알레르기 및 약물반응,adverse_reaction,알레르기 있어요
Q0085,알레르기 및 약물반응,adverse_reaction,약 먹으면 두드러기 나요
Q0085,알레르기 및 약물반응,adverse_reaction,붓는 증상이 있어요
Q0085,알레르기 및 약물반응,adverse_reaction,가려움이 생겨요
Q0085,알레르기 및 약물반응,adverse_reaction,부작용은 없어요.
Q0085,알레르기 및 약물반응,adverse_reaction,약 먹으면 어지러워요.
Q0085,알레르기 및 약물반응,adverse_reaction,속이 울렁거립니다.
Q0085,알레르기 및 약물반응,adverse_reaction,두드러기가 납니다.
Q0085,알레르기 및 약물반응,adverse_reaction,얼굴이 붓습니다.
Q0085,알레르기 및 약물반응,adverse_reaction,가려움이 생겨요.
Q0085,알레르기 및 약물반응,adverse_reaction,진통제 먹으면 속이 쓰립니다.
Q0085,알레르기 및 약물반응,adverse_reaction,잠이 너무 옵니다.
Q0085,알레르기 및 약물반응,adverse_reaction,통증은 줄었는데 어지러웠어요.
Q0085,알레르기 및 약물반응,adverse_reaction,처음엔 줄다가 다시 심해졌습니다.
Q0086,알레르기 및 약물반응,adverse_reaction,없어요
Q0086,알레르기 및 약물반응,adverse_reaction,약 먹어도 괜찮아요
Q0086,알레르기 및 약물반응,adverse_reaction,부작용은 없어요
Q0086,알레르기 및 약물반응,adverse_reaction,어지러운 적 있어요
Q0086,알레르기 및 약물반응,adverse_reaction,진통제 먹으면 어지러워요
Q0086,알레르기 및 약물반응,adverse_reaction,약 먹으면 속이 울렁거려요
Q0086,알레르기 및 약물반응,adverse_reaction,알레르기 있어요
Q0086,알레르기 및 약물반응,adverse_reaction,약 먹으면 두드러기 나요
Q0086,알레르기 및 약물반응,adverse_reaction,붓는 증상이 있어요
Q0086,알레르기 및 약물반응,adverse_reaction,가려움이 생겨요
Q0086,알레르기 및 약물반응,adverse_reaction,부작용은 없어요.
Q0086,알레르기 및 약물반응,adverse_reaction,약 먹으면 어지러워요.
Q0086,알레르기 및 약물반응,adverse_reaction,속이 울렁거립니다.
Q0086,알레르기 및 약물반응,adverse_reaction,두드러기가 납니다.
Q0086,알레르기 및 약물반응,adverse_reaction,얼굴이 붓습니다.
Q0086,알레르기 및 약물반응,adverse_reaction,가려움이 생겨요.
Q0086,알레르기 및 약물반응,adverse_reaction,진통제 먹으면 속이 쓰립니다.
Q0086,알레르기 및 약물반응,adverse_reaction,잠이 너무 옵니다.
Q0086,알레르기 및 약물반응,adverse_reaction,통증은 줄었는데 어지러웠어요.
Q0086,알레르기 및 약물반응,adverse_reaction,처음엔 줄다가 다시 심해졌습니다.
Q0087,알레르기 및 약물반응,adverse_reaction,없어요
Q0087,알레르기 및 약물반응,adverse_reaction,약 먹어도 괜찮아요
Q0087,알레르기 및 약물반응,adverse_reaction,부작용은 없어요
Q0087,알레르기 및 약물반응,adverse_reaction,어지러운 적 있어요
Q0087,알레르기 및 약물반응,adverse_reaction,진통제 먹으면 어지러워요
Q0087,알레르기 및 약물반응,adverse_reaction,약 먹으면 속이 울렁거려요
Q0087,알레르기 및 약물반응,adverse_reaction,알레르기 있어요
Q0087,알레르기 및 약물반응,adverse_reaction,약 먹으면 두드러기 나요
Q0087,알레르기 및 약물반응,adverse_reaction,붓는 증상이 있어요
Q0087,알레르기 및 약물반응,adverse_reaction,가려움이 생겨요
Q0087,알레르기 및 약물반응,adverse_reaction,부작용은 없어요.
Q0087,알레르기 및 약물반응,adverse_reaction,약 먹으면 어지러워요.
Q0087,알레르기 및 약물반응,adverse_reaction,속이 울렁거립니다.
Q0087,알레르기 및 약물반응,adverse_reaction,두드러기가 납니다.
Q0087,알레르기 및 약물반응,adverse_reaction,얼굴이 붓습니다.
Q0087,알레르기 및 약물반응,adverse_reaction,가려움이 생겨요.
Q0087,알레르기 및 약물반응,adverse_reaction,진통제 먹으면 속이 쓰립니다.
Q0087,알레르기 및 약물반응,adverse_reaction,잠이 너무 옵니다.
Q0087,알레르기 및 약물반응,adverse_reaction,통증은 줄었는데 어지러웠어요.
Q0087,알레르기 및 약물반응,adverse_reaction,처음엔 줄다가 다시 심해졌습니다.
Q0088,알레르기 및 약물반응,medication_use,없어요
Q0088,알레르기 및 약물반응,medication_use,약 먹어도 괜찮아요
Q0088,알레르기 및 약물반응,medication_use,부작용은 없어요
Q0088,알레르기 및 약물반응,medication_use,어지러운 적 있어요
Q0088,알레르기 및 약물반응,medication_use,진통제 먹으면 어지러워요
Q0088,알레르기 및 약물반응,medication_use,약 먹으면 속이 울렁거려요
Q0088,알레르기 및 약물반응,medication_use,알레르기 있어요
Q0088,알레르기 및 약물반응,medication_use,약 먹으면 두드러기 나요
Q0088,알레르기 및 약물반응,medication_use,붓는 증상이 있어요
Q0088,알레르기 및 약물반응,medication_use,가려움이 생겨요
Q0088,알레르기 및 약물반응,medication_use,약은 따로 안 먹어요.
Q0088,알레르기 및 약물반응,medication_use,진통제를 가끔 먹습니다.
Q0088,알레르기 및 약물반응,medication_use,혈압약 먹고 있어요.
Q0088,알레르기 및 약물반응,medication_use,당뇨약 복용 중입니다.
Q0088,알레르기 및 약물반응,medication_use,한약은 안 먹습니다.
Q0088,알레르기 및 약물반응,medication_use,영양제는 먹고 있어요.
Q0088,알레르기 및 약물반응,medication_use,항응고제를 복용 중입니다.
Q0088,알레르기 및 약물반응,medication_use,아스피린을 먹고 있습니다.
Q0088,알레르기 및 약물반응,medication_use,스테로이드는 먹지 않습니다.
Q0088,알레르기 및 약물반응,medication_use,필요할 때만 약 먹어요.
Q0089,알레르기 및 약물반응,adverse_reaction,부작용은 없어요.
Q0089,알레르기 및 약물반응,adverse_reaction,약 먹으면 어지러워요.
Q0089,알레르기 및 약물반응,adverse_reaction,속이 울렁거립니다.
Q0089,알레르기 및 약물반응,adverse_reaction,두드러기가 납니다.
Q0089,알레르기 및 약물반응,adverse_reaction,얼굴이 붓습니다.
Q0089,알레르기 및 약물반응,adverse_reaction,가려움이 생겨요.
Q0089,알레르기 및 약물반응,adverse_reaction,진통제 먹으면 속이 쓰립니다.
Q0089,알레르기 및 약물반응,adverse_reaction,잠이 너무 옵니다.
Q0089,알레르기 및 약물반응,adverse_reaction,통증은 줄었는데 어지러웠어요.
Q0089,알레르기 및 약물반응,adverse_reaction,처음엔 줄다가 다시 심해졌습니다.
Q0090,알레르기 및 약물반응,medication_use,줄어들다가 더 심해져서 왔어요.
Q0090,알레르기 및 약물반응,medication_use,약은 따로 안 먹어요.
Q0090,알레르기 및 약물반응,medication_use,진통제를 가끔 먹습니다.
Q0090,알레르기 및 약물반응,medication_use,혈압약 먹고 있어요.
Q0090,알레르기 및 약물반응,medication_use,당뇨약 복용 중입니다.
Q0090,알레르기 및 약물반응,medication_use,한약은 안 먹습니다.
Q0090,알레르기 및 약물반응,medication_use,영양제는 먹고 있어요.
Q0090,알레르기 및 약물반응,medication_use,항응고제를 복용 중입니다.
Q0090,알레르기 및 약물반응,medication_use,아스피린을 먹고 있습니다.
Q0090,알레르기 및 약물반응,medication_use,스테로이드는 먹지 않습니다.
Q0090,알레르기 및 약물반응,medication_use,필요할 때만 약 먹어요.
Q0091,알레르기 및 약물반응,adverse_reaction,줄어들다가 더 심해져서 왔어요.
Q0091,알레르기 및 약물반응,adverse_reaction,부작용은 없어요.
Q0091,알레르기 및 약물반응,adverse_reaction,약 먹으면 어지러워요.
Q0091,알레르기 및 약물반응,adverse_reaction,속이 울렁거립니다.
Q0091,알레르기 및 약물반응,adverse_reaction,두드러기가 납니다.
Q0091,알레르기 및 약물반응,adverse_reaction,얼굴이 붓습니다.
Q0091,알레르기 및 약물반응,adverse_reaction,가려움이 생겨요.
Q0091,알레르기 및 약물반응,adverse_reaction,진통제 먹으면 속이 쓰립니다.
Q0091,알레르기 및 약물반응,adverse_reaction,잠이 너무 옵니다.
Q0091,알레르기 및 약물반응,adverse_reaction,통증은 줄었는데 어지러웠어요.
Q0091,알레르기 및 약물반응,adverse_reaction,처음엔 줄다가 다시 심해졌습니다.
Q0092,생활습관,lifestyle,담배 안 피워요
Q0092,생활습관,lifestyle,예전에 피웠는데 지금은 끊었어요
Q0092,생활습관,lifestyle,하루에 한 갑 정도 피워요
Q0092,생활습관,lifestyle,가끔 담배 피워요
Q0092,생활습관,lifestyle,술은 거의 안 마셔요
Q0092,생활습관,lifestyle,술은 가끔 마셔요
Q0092,생활습관,lifestyle,술은 일주일에 한 번 정도 마셔요
Q0092,생활습관,lifestyle,매일 술 마셔요
Q0092,생활습관,lifestyle,금연한 지 오래됐어요
Q0092,생활습관,lifestyle,"술, 담배 둘 다 안 해요"
Q0092,생활습관,lifestyle,담배는 안 피워요.
Q0092,생활습관,lifestyle,예전에 피웠는데 끊었습니다.
Q0092,생활습관,lifestyle,하루에 한 갑 정도 피웁니다.
Q0092,생활습관,lifestyle,가끔 담배 피워요.
Q0092,생활습관,lifestyle,술은 거의 안 마셔요.
Q0092,생활습관,lifestyle,소주 반 병 정도 마십니다.
Q0092,생활습관,lifestyle,일주일에 한 번 마십니다.
Q0092,생활습관,lifestyle,매일 술 마셔요.
Q0092,생활습관,lifestyle,술과 담배 둘 다 안 합니다.
Q0092,생활습관,lifestyle,한 달에 두세 번 마십니다.
Q0093,생활습관,lifestyle,담배 안 피워요
Q0093,생활습관,lifestyle,예전에 피웠는데 지금은 끊었어요
Q0093,생활습관,lifestyle,하루에 한 갑 정도 피워요
Q0093,생활습관,lifestyle,가끔 담배 피워요
Q0093,생활습관,lifestyle,술은 거의 안 마셔요
Q0093,생활습관,lifestyle,술은 가끔 마셔요
Q0093,생활습관,lifestyle,술은 일주일에 한 번 정도 마셔요
Q0093,생활습관,lifestyle,매일 술 마셔요
Q0093,생활습관,lifestyle,금연한 지 오래됐어요
Q0093,생활습관,lifestyle,"술, 담배 둘 다 안 해요"
Q0093,생활습관,lifestyle,담배는 안 피워요.
Q0093,생활습관,lifestyle,예전에 피웠는데 끊었습니다.
Q0093,생활습관,lifestyle,하루에 한 갑 정도 피웁니다.
Q0093,생활습관,lifestyle,가끔 담배 피워요.
Q0093,생활습관,lifestyle,술은 거의 안 마셔요.
Q0093,생활습관,lifestyle,소주 반 병 정도 마십니다.
Q0093,생활습관,lifestyle,일주일에 한 번 마십니다.
Q0093,생활습관,lifestyle,매일 술 마셔요.
Q0093,생활습관,lifestyle,술과 담배 둘 다 안 합니다.
Q0093,생활습관,lifestyle,한 달에 두세 번 마십니다.
Q0094,생활습관,lifestyle,담배 안 피워요
Q0094,생활습관,lifestyle,예전에 피웠는데 지금은 끊었어요
Q0094,생활습관,lifestyle,하루에 한 갑 정도 피워요
Q0094,생활습관,lifestyle,가끔 담배 피워요
Q0094,생활습관,lifestyle,술은 거의 안 마셔요
Q0094,생활습관,lifestyle,술은 가끔 마셔요
Q0094,생활습관,lifestyle,술은 일주일에 한 번 정도 마셔요
Q0094,생활습관,lifestyle,매일 술 마셔요
Q0094,생활습관,lifestyle,금연한 지 오래됐어요
Q0094,생활습관,lifestyle,"술, 담배 둘 다 안 해요"
Q0094,생활습관,lifestyle,담배는 안 피워요.
Q0094,생활습관,lifestyle,예전에 피웠는데 끊었습니다.
Q0094,생활습관,lifestyle,하루에 한 갑 정도 피웁니다.
Q0094,생활습관,lifestyle,가끔 담배 피워요.
Q0094,생활습관,lifestyle,술은 거의 안 마셔요.
Q0094,생활습관,lifestyle,소주 반 병 정도 마십니다.
Q0094,생활습관,lifestyle,일주일에 한 번 마십니다.
Q0094,생활습관,lifestyle,매일 술 마셔요.
Q0094,생활습관,lifestyle,술과 담배 둘 다 안 합니다.
Q0094,생활습관,lifestyle,한 달에 두세 번 마십니다.
Q0095,생활습관,lifestyle,담배는 안 피워요.
Q0095,생활습관,lifestyle,예전에 피웠는데 끊었습니다.
Q0095,생활습관,lifestyle,하루에 한 갑 정도 피웁니다.
Q0095,생활습관,lifestyle,가끔 담배 피워요.
Q0095,생활습관,lifestyle,술은 거의 안 마셔요.
Q0095,생활습관,lifestyle,소주 반 병 정도 마십니다.
Q0095,생활습관,lifestyle,일주일에 한 번 마십니다.
Q0095,생활습관,lifestyle,매일 술 마셔요.
Q0095,생활습관,lifestyle,술과 담배 둘 다 안 합니다.
Q0095,생활습관,lifestyle,한 달에 두세 번 마십니다.
Q0096,생활습관,general,"네, 그렇습니다."
Q0096,생활습관,general,"아니요, 그렇지는 않습니다."
Q0096,생활습관,general,잘 모르겠습니다.
Q0096,생활습관,general,가끔 그렇습니다.
Q0096,생활습관,general,요즘 더 심해졌습니다.
Q0096,생활습관,general,전보다 나아졌습니다.
Q0097,생활습관,lifestyle,"음주는 한달에 2-3번 마시고, 소주 반 병 정도 마셔요."
Q0097,생활습관,lifestyle,담배는 안 피워요.
Q0097,생활습관,lifestyle,예전에 피웠는데 끊었습니다.
Q0097,생활습관,lifestyle,하루에 한 갑 정도 피웁니다.
Q0097,생활습관,lifestyle,가끔 담배 피워요.
Q0097,생활습관,lifestyle,술은 거의 안 마셔요.
Q0097,생활습관,lifestyle,소주 반 병 정도 마십니다.
Q0097,생활습관,lifestyle,일주일에 한 번 마십니다.
Q0097,생활습관,lifestyle,매일 술 마셔요.
Q0097,생활습관,lifestyle,술과 담배 둘 다 안 합니다.
Q0097,생활습관,lifestyle,한 달에 두세 번 마십니다.
Q0098,생활습관,lifestyle,"음주는 한달에 2-3번 마시고, 소주 반 병 정도 마셔요."
Q0098,생활습관,lifestyle,담배는 안 피워요.
Q0098,생활습관,lifestyle,예전에 피웠는데 끊었습니다.
Q0098,생활습관,lifestyle,하루에 한 갑 정도 피웁니다.
Q0098,생활습관,lifestyle,가끔 담배 피워요.
Q0098,생활습관,lifestyle,술은 거의 안 마셔요.
Q0098,생활습관,lifestyle,소주 반 병 정도 마십니다.
Q0098,생활습관,lifestyle,일주일에 한 번 마십니다.
Q0098,생활습관,lifestyle,매일 술 마셔요.
Q0098,생활습관,lifestyle,술과 담배 둘 다 안 합니다.
Q0098,생활습관,lifestyle,한 달에 두세 번 마십니다.
Q0099,수술 및 입원 이력,lifestyle,없어요
Q0099,수술 및 입원 이력,lifestyle,수술 받은 적 없어요
Q0099,수술 및 입원 이력,lifestyle,입원한 적 없어요
Q0099,수술 및 입원 이력,lifestyle,예전에 디스크 수술했어요
Q0099,수술 및 입원 이력,lifestyle,허리 수술 받은 적 있어요
Q0099,수술 및 입원 이력,lifestyle,수술은 했는데 오래됐어요
Q0099,수술 및 입원 이력,lifestyle,입원해서 치료받은 적 있어요
Q0099,수술 및 입원 이력,lifestyle,시술은 받아봤어요
Q0099,수술 및 입원 이력,lifestyle,최근에 수술했어요
Q0099,수술 및 입원 이력,lifestyle,예전에 했는데 지금은 괜찮아요
Q0099,수술 및 입원 이력,lifestyle,담배는 안 피워요.
Q0099,수술 및 입원 이력,lifestyle,예전에 피웠는데 끊었습니다.
Q0099,수술 및 입원 이력,lifestyle,하루에 한 갑 정도 피웁니다.
Q0099,수술 및 입원 이력,lifestyle,가끔 담배 피워요.
Q0099,수술 및 입원 이력,lifestyle,술은 거의 안 마셔요.
Q0099,수술 및 입원 이력,lifestyle,소주 반 병 정도 마십니다.
Q0099,수술 및 입원 이력,lifestyle,일주일에 한 번 마십니다.
Q0099,수술 및 입원 이력,lifestyle,매일 술 마셔요.
Q0099,수술 및 입원 이력,lifestyle,술과 담배 둘 다 안 합니다.
Q0099,수술 및 입원 이력,lifestyle,한 달에 두세 번 마십니다.
Q0100,수술 및 입원 이력,surgery_history,없어요
Q0100,수술 및 입원 이력,surgery_history,수술 받은 적 없어요
Q0100,수술 및 입원 이력,surgery_history,입원한 적 없어요
Q0100,수술 및 입원 이력,surgery_history,예전에 디스크 수술했어요
Q0100,수술 및 입원 이력,surgery_history,허리 수술 받은 적 있어요
Q0100,수술 및 입원 이력,surgery_history,수술은 했는데 오래됐어요
Q0100,수술 및 입원 이력,surgery_history,입원해서 치료받은 적 있어요
Q0100,수술 및 입원 이력,surgery_history,시술은 받아봤어요
Q0100,수술 및 입원 이력,surgery_history,최근에 수술했어요
Q0100,수술 및 입원 이력,surgery_history,예전에 했는데 지금은 괜찮아요
Q0100,수술 및 입원 이력,surgery_history,수술 받은 적 없어요.
Q0100,수술 및 입원 이력,surgery_history,입원한 적 없습니다.
Q0100,수술 및 입원 이력,surgery_history,허리 디스크 수술을 했습니다.
Q0100,수술 및 입원 이력,surgery_history,무릎 수술 받은 적 있어요.
Q0100,수술 및 입원 이력,surgery_history,어깨 수술을 했습니다.
Q0100,수술 및 입원 이력,surgery_history,입원해서 치료받았습니다.
Q0100,수술 및 입원 이력,surgery_history,시술은 받아봤어요.
Q0100,수술 및 입원 이력,surgery_history,최근에 수술했습니다.
Q0100,수술 및 입원 이력,surgery_history,오래전에 수술했습니다.
Q0100,수술 및 입원 이력,surgery_history,수술 후에도 통증이 남아 있습니다.
Q0101,수술 및 입원 이력,surgery_site,허리 수술했습니다.
Q0101,수술 및 입원 이력,surgery_site,목 디스크 수술했습니다.
Q0101,수술 및 입원 이력,surgery_site,무릎 관절 수술을 했습니다.
Q0101,수술 및 입원 이력,surgery_site,어깨 회전근개 수술했습니다.
Q0101,수술 및 입원 이력,surgery_site,발목 수술을 했습니다.
Q0101,수술 및 입원 이력,surgery_site,손목 수술을 받았습니다.
Q0101,수술 및 입원 이력,surgery_site,수술은 한 적 없습니다.
Q0102,수술 및 입원 이력,lifestyle,담배는 안 피워요.
Q0102,수술 및 입원 이력,lifestyle,예전에 피웠는데 끊었습니다.
Q0102,수술 및 입원 이력,lifestyle,하루에 한 갑 정도 피웁니다.
Q0102,수술 및 입원 이력,lifestyle,가끔 담배 피워요.
Q0102,수술 및 입원 이력,lifestyle,술은 거의 안 마셔요.
Q0102,수술 및 입원 이력,lifestyle,소주 반 병 정도 마십니다.
Q0102,수술 및 입원 이력,lifestyle,일주일에 한 번 마십니다.
Q0102,수술 및 입원 이력,lifestyle,매일 술 마셔요.
Q0102,수술 및 입원 이력,lifestyle,술과 담배 둘 다 안 합니다.
Q0102,수술 및 입원 이력,lifestyle,한 달에 두세 번 마십니다.
Q0103,수술 및 입원 이력,lifestyle,담배는 안 피워요.
Q0103,수술 및 입원 이력,lifestyle,예전에 피웠는데 끊었습니다.
Q0103,수술 및 입원 이력,lifestyle,하루에 한 갑 정도 피웁니다.
Q0103,수술 및 입원 이력,lifestyle,가끔 담배 피워요.
Q0103,수술 및 입원 이력,lifestyle,술은 거의 안 마셔요.
Q0103,수술 및 입원 이력,lifestyle,소주 반 병 정도 마십니다.
Q0103,수술 및 입원 이력,lifestyle,일주일에 한 번 마십니다.
Q0103,수술 및 입원 이력,lifestyle,매일 술 마셔요.
Q0103,수술 및 입원 이력,lifestyle,술과 담배 둘 다 안 합니다.
Q0103,수술 및 입원 이력,lifestyle,한 달에 두세 번 마십니다.
Q0104,치료 방향 설명 및 선택 제안,treatment_choice,주사 맞을게요
Q0104,치료 방향 설명 및 선택 제안,treatment_choice,약으로 할게요
Q0104,치료 방향 설명 및 선택 제안,treatment_choice,주사가 더 좋을 것 같아요
Q0104,치료 방향 설명 및 선택 제안,treatment_choice,약만 먹어 볼게요
Q0104,치료 방향 설명 및 선택 제안,treatment_choice,편한 걸로 해주세요
Q0104,치료 방향 설명 및 선택 제안,treatment_choice,둘 중에 아무거나 괜찮아요
Q0104,치료 방향 설명 및 선택 제안,treatment_choice,치료 해주세요
Q0104,치료 방향 설명 및 선택 제안,treatment_choice,주사도 괜찮고 약도 괜찮아요
Q0104,치료 방향 설명 및 선택 제안,treatment_choice,일단 약부터 먹어볼게요
Q0104,치료 방향 설명 및 선택 제안,treatment_choice,주사 맞고 싶어요
Q0104,치료 방향 설명 및 선택 제안,treatment_choice,주사 맞을게요.
Q0104,치료 방향 설명 및 선택 제안,treatment_choice,약으로 먼저 해볼게요.
Q0104,치료 방향 설명 및 선택 제안,treatment_choice,주사가 더 좋을 것 같아요.
Q0104,치료 방향 설명 및 선택 제안,treatment_choice,약만 먹어 보겠습니다.
Q0104,치료 방향 설명 및 선택 제안,treatment_choice,둘 다 괜찮습니다.
Q0104,치료 방향 설명 및 선택 제안,treatment_choice,일단 설명을 듣고 결정할게요.
Q0104,치료 방향 설명 및 선택 제안,treatment_choice,통증이 심해서 치료해 주세요.
Q0104,치료 방향 설명 및 선택 제안,treatment_choice,오늘은 주사를 맞고 싶어요.
Q0104,치료 방향 설명 및 선택 제안,treatment_choice,약부터 시작하고 싶습니다.
Q0104,치료 방향 설명 및 선택 제안,treatment_choice,스테로이드는 피하고 싶습니다.
Q0105,치료 방향 설명 및 선택 제안,treatment_choice,주사 맞을게요
Q0105,치료 방향 설명 및 선택 제안,treatment_choice,약으로 할게요
Q0105,치료 방향 설명 및 선택 제안,treatment_choice,주사가 더 좋을 것 같아요
Q0105,치료 방향 설명 및 선택 제안,treatment_choice,약만 먹어 볼게요
Q0105,치료 방향 설명 및 선택 제안,treatment_choice,편한 걸로 해주세요
Q0105,치료 방향 설명 및 선택 제안,treatment_choice,둘 중에 아무거나 괜찮아요
Q0105,치료 방향 설명 및 선택 제안,treatment_choice,치료 해주세요
Q0105,치료 방향 설명 및 선택 제안,treatment_choice,주사도 괜찮고 약도 괜찮아요
Q0105,치료 방향 설명 및 선택 제안,treatment_choice,일단 약부터 먹어볼게요
Q0105,치료 방향 설명 및 선택 제안,treatment_choice,주사 맞고 싶어요
Q0105,치료 방향 설명 및 선택 제안,treatment_choice,주사 맞을게요.
Q0105,치료 방향 설명 및 선택 제안,treatment_choice,약으로 먼저 해볼게요.
Q0105,치료 방향 설명 및 선택 제안,treatment_choice,주사가 더 좋을 것 같아요.
Q0105,치료 방향 설명 및 선택 제안,treatment_choice,약만 먹어 보겠습니다.
Q0105,치료 방향 설명 및 선택 제안,treatment_choice,둘 다 괜찮습니다.
Q0105,치료 방향 설명 및 선택 제안,treatment_choice,일단 설명을 듣고 결정할게요.
Q0105,치료 방향 설명 및 선택 제안,treatment_choice,통증이 심해서 치료해 주세요.
Q0105,치료 방향 설명 및 선택 제안,treatment_choice,오늘은 주사를 맞고 싶어요.
Q0105,치료 방향 설명 및 선택 제안,treatment_choice,약부터 시작하고 싶습니다.
Q0105,치료 방향 설명 및 선택 제안,treatment_choice,스테로이드는 피하고 싶습니다.
Q0106,치료 방향 설명 및 선택 제안,treatment_choice,주사 맞을게요
Q0106,치료 방향 설명 및 선택 제안,treatment_choice,약으로 할게요
Q0106,치료 방향 설명 및 선택 제안,treatment_choice,주사가 더 좋을 것 같아요
Q0106,치료 방향 설명 및 선택 제안,treatment_choice,약만 먹어 볼게요
Q0106,치료 방향 설명 및 선택 제안,treatment_choice,편한 걸로 해주세요
Q0106,치료 방향 설명 및 선택 제안,treatment_choice,둘 중에 아무거나 괜찮아요
Q0106,치료 방향 설명 및 선택 제안,treatment_choice,치료 해주세요
Q0106,치료 방향 설명 및 선택 제안,treatment_choice,주사도 괜찮고 약도 괜찮아요
Q0106,치료 방향 설명 및 선택 제안,treatment_choice,일단 약부터 먹어볼게요
Q0106,치료 방향 설명 및 선택 제안,treatment_choice,주사 맞고 싶어요
Q0106,치료 방향 설명 및 선택 제안,treatment_choice,주사 맞을게요.
Q0106,치료 방향 설명 및 선택 제안,treatment_choice,약으로 먼저 해볼게요.
Q0106,치료 방향 설명 및 선택 제안,treatment_choice,주사가 더 좋을 것 같아요.
Q0106,치료 방향 설명 및 선택 제안,treatment_choice,약만 먹어 보겠습니다.
Q0106,치료 방향 설명 및 선택 제안,treatment_choice,둘 다 괜찮습니다.
Q0106,치료 방향 설명 및 선택 제안,treatment_choice,일단 설명을 듣고 결정할게요.
Q0106,치료 방향 설명 및 선택 제안,treatment_choice,통증이 심해서 치료해 주세요.
Q0106,치료 방향 설명 및 선택 제안,treatment_choice,오늘은 주사를 맞고 싶어요.
Q0106,치료 방향 설명 및 선택 제안,treatment_choice,약부터 시작하고 싶습니다.
Q0106,치료 방향 설명 및 선택 제안,treatment_choice,스테로이드는 피하고 싶습니다.
Q0107,치료 방향 설명 및 선택 제안,treatment_choice,주사 맞을게요
Q0107,치료 방향 설명 및 선택 제안,treatment_choice,약으로 할게요
Q0107,치료 방향 설명 및 선택 제안,treatment_choice,주사가 더 좋을 것 같아요
Q0107,치료 방향 설명 및 선택 제안,treatment_choice,약만 먹어 볼게요
Q0107,치료 방향 설명 및 선택 제안,treatment_choice,편한 걸로 해주세요
Q0107,치료 방향 설명 및 선택 제안,treatment_choice,둘 중에 아무거나 괜찮아요
Q0107,치료 방향 설명 및 선택 제안,treatment_choice,치료 해주세요
Q0107,치료 방향 설명 및 선택 제안,treatment_choice,주사도 괜찮고 약도 괜찮아요
Q0107,치료 방향 설명 및 선택 제안,treatment_choice,일단 약부터 먹어볼게요
Q0107,치료 방향 설명 및 선택 제안,treatment_choice,주사 맞고 싶어요
Q0107,치료 방향 설명 및 선택 제안,treatment_choice,주사 맞을게요.
Q0107,치료 방향 설명 및 선택 제안,treatment_choice,약으로 먼저 해볼게요.
Q0107,치료 방향 설명 및 선택 제안,treatment_choice,주사가 더 좋을 것 같아요.
Q0107,치료 방향 설명 및 선택 제안,treatment_choice,약만 먹어 보겠습니다.
Q0107,치료 방향 설명 및 선택 제안,treatment_choice,둘 다 괜찮습니다.
Q0107,치료 방향 설명 및 선택 제안,treatment_choice,일단 설명을 듣고 결정할게요.
Q0107,치료 방향 설명 및 선택 제안,treatment_choice,통증이 심해서 치료해 주세요.
Q0107,치료 방향 설명 및 선택 제안,treatment_choice,오늘은 주사를 맞고 싶어요.
Q0107,치료 방향 설명 및 선택 제안,treatment_choice,약부터 시작하고 싶습니다.
Q0107,치료 방향 설명 및 선택 제안,treatment_choice,스테로이드는 피하고 싶습니다.
Q0108,치료 방향 설명 및 선택 제안,treatment_choice,스테로이드 주사치료 받고 싶어요.
Q0108,치료 방향 설명 및 선택 제안,treatment_choice,주사 맞을게요.
Q0108,치료 방향 설명 및 선택 제안,treatment_choice,약으로 먼저 해볼게요.
Q0108,치료 방향 설명 및 선택 제안,treatment_choice,주사가 더 좋을 것 같아요.
Q0108,치료 방향 설명 및 선택 제안,treatment_choice,약만 먹어 보겠습니다.
Q0108,치료 방향 설명 및 선택 제안,treatment_choice,둘 다 괜찮습니다.
Q0108,치료 방향 설명 및 선택 제안,treatment_choice,일단 설명을 듣고 결정할게요.
Q0108,치료 방향 설명 및 선택 제안,treatment_choice,통증이 심해서 치료해 주세요.
Q0108,치료 방향 설명 및 선택 제안,treatment_choice,오늘은 주사를 맞고 싶어요.
Q0108,치료 방향 설명 및 선택 제안,treatment_choice,약부터 시작하고 싶습니다.
Q0108,치료 방향 설명 및 선택 제안,treatment_choice,스테로이드는 피하고 싶습니다.
Q0109,진료개시,chief_complaint,허리가 아파서 왔어요.
Q0109,진료개시,chief_complaint,목이 뻐근해서 왔습니다.
Q0109,진료개시,chief_complaint,무릎이 아파서 왔어요.
Q0109,진료개시,chief_complaint,어깨가 잘 안 올라가서 왔어요.
Q0109,진료개시,chief_complaint,다리가 저려서 왔습니다.
Q0109,진료개시,chief_complaint,엉치가 쑤셔서 왔어요.
Q0109,진료개시,chief_complaint,발바닥이 화끈거려서 왔습니다.
Q0109,진료개시,chief_complaint,손가락이 붓고 아파서 왔어요.
Q0109,진료개시,chief_complaint,대상포진 이후로 통증이 남아서 왔습니다.
Q0109,진료개시,chief_complaint,교통사고 후 허리가 계속 불편해서 왔어요.
Q0109,진료개시,chief_complaint,팔꿈치가 찌릿해서 왔습니다.
Q0109,진료개시,chief_complaint,고개를 돌리면 목이 아파서 왔어요.
Q0109,진료개시,chief_complaint,계단 내려갈 때 무릎이 아파서 왔어요.
Q0109,진료개시,chief_complaint,오래 앉아 있으면 허리가 아파서 왔습니다.
Q0110,진료개시,chief_complaint,허리가 아파서 왔어요.
Q0110,진료개시,chief_complaint,목이 뻐근해서 왔습니다.
Q0110,진료개시,chief_complaint,무릎이 아파서 왔어요.
Q0110,진료개시,chief_complaint,어깨가 잘 안 올라가서 왔어요.
Q0110,진료개시,chief_complaint,다리가 저려서 왔습니다.
Q0110,진료개시,chief_complaint,엉치가 쑤셔서 왔어요.
Q0110,진료개시,chief_complaint,발바닥이 화끈거려서 왔습니다.
Q0110,진료개시,chief_complaint,손가락이 붓고 아파서 왔어요.
Q0110,진료개시,chief_complaint,대상포진 이후로 통증이 남아서 왔습니다.
Q0110,진료개시,chief_complaint,교통사고 후 허리가 계속 불편해서 왔어요.
Q0110,진료개시,chief_complaint,팔꿈치가 찌릿해서 왔습니다.
Q0110,진료개시,chief_complaint,고개를 돌리면 목이 아파서 왔어요.
Q0110,진료개시,chief_complaint,계단 내려갈 때 무릎이 아파서 왔어요.
Q0110,진료개시,chief_complaint,오래 앉아 있으면 허리가 아파서 왔습니다.
Q0111,진료개시,prior_treatment,물리치료를 받았습니다.
Q0111,진료개시,prior_treatment,도수치료를 몇 번 받았어요.
Q0111,진료개시,prior_treatment,신경차단술을 받았습니다.
Q0111,진료개시,prior_treatment,주사치료를 맞아봤어요.
Q0111,진료개시,prior_treatment,체외충격파를 받았습니다.
Q0111,진료개시,prior_treatment,약물치료만 했어요.
Q0111,진료개시,prior_treatment,한의원에서 침을 맞았습니다.
Q0111,진료개시,prior_treatment,정형외과에서 엑스레이를 찍었어요.
Q0111,진료개시,prior_treatment,MRI를 찍고 디스크라고 들었습니다.
Q0111,진료개시,prior_treatment,아직 치료받은 적은 없습니다.
Q0111,진료개시,prior_treatment,대상포진 후 신경통으로 경막외 신경차단술을 받았어요.
Q0111,진료개시,prior_treatment,개인병원에서 근이완제를 처방받았습니다.
Q0112,진료개시,prior_treatment,물리치료를 받았습니다.
Q0112,진료개시,prior_treatment,도수치료를 몇 번 받았어요.
Q0112,진료개시,prior_treatment,신경차단술을 받았습니다.
Q0112,진료개시,prior_treatment,주사치료를 맞아봤어요.
Q0112,진료개시,prior_treatment,체외충격파를 받았습니다.
Q0112,진료개시,prior_treatment,약물치료만 했어요.
Q0112,진료개시,prior_treatment,한의원에서 침을 맞았습니다.
Q0112,진료개시,prior_treatment,정형외과에서 엑스레이를 찍었어요.
Q0112,진료개시,prior_treatment,MRI를 찍고 디스크라고 들었습니다.
Q0112,진료개시,prior_treatment,아직 치료받은 적은 없습니다.
Q0112,진료개시,prior_treatment,대상포진 후 신경통으로 경막외 신경차단술을 받았어요.
Q0112,진료개시,prior_treatment,개인병원에서 근이완제를 처방받았습니다.
Q0113,진료개시,exam_history,엑스레이만 찍었습니다.
Q0113,진료개시,exam_history,MRI를 찍었습니다.
Q0113,진료개시,exam_history,CT 검사를 했어요.
Q0113,진료개시,exam_history,초음파 검사를 받았습니다.
Q0113,진료개시,exam_history,검사는 아직 안 했습니다.
Q0113,진료개시,exam_history,디스크라고 들었습니다.
Q0113,진료개시,exam_history,협착증이라고 들었습니다.
Q0113,진료개시,exam_history,큰 이상은 없다고 들었습니다.
Q0114,진료개시,exam_history,엑스레이만 찍었습니다.
Q0114,진료개시,exam_history,MRI를 찍었습니다.
Q0114,진료개시,exam_history,CT 검사를 했어요.
Q0114,진료개시,exam_history,초음파 검사를 받았습니다.
Q0114,진료개시,exam_history,검사는 아직 안 했습니다.
Q0114,진료개시,exam_history,디스크라고 들었습니다.
Q0114,진료개시,exam_history,협착증이라고 들었습니다.
Q0114,진료개시,exam_history,큰 이상은 없다고 들었습니다.
Q0115,통증 부위,location,허리가 제일 아파요.
Q0115,통증 부위,location,목 뒤가 제일 불편합니다.
Q0115,통증 부위,location,오른쪽 어깨가 아파요.
Q0115,통증 부위,location,왼쪽 무릎이 제일 아픕니다.
Q0115,통증 부위,location,엉치 쪽이 쑤십니다.
Q0115,통증 부위,location,허벅지 뒤쪽이 당겨요.
Q0115,통증 부위,location,종아리 바깥쪽이 저립니다.
Q0115,통증 부위,location,발바닥 앞쪽이 화끈거려요.
Q0115,통증 부위,location,손목 안쪽이 아파요.
Q0115,통증 부위,location,손가락 마디가 붓고 아픕니다.
Q0115,통증 부위,location,갈비뼈 아래쪽이 아파요.
Q0115,통증 부위,location,꼬리뼈가 앉을 때 아픕니다.
Q0115,통증 부위,location,발목 바깥쪽이 시큰거립니다.
Q0115,통증 부위,location,팔꿈치 바깥쪽이 찌릿합니다.
Q0115,통증 부위,location,턱관절 쪽이 씹을 때 아파요.
Q0116,통증 부위,location,허리가 제일 아파요.
Q0116,통증 부위,location,목 뒤가 제일 불편합니다.
Q0116,통증 부위,location,오른쪽 어깨가 아파요.
Q0116,통증 부위,location,왼쪽 무릎이 제일 아픕니다.
Q0116,통증 부위,location,엉치 쪽이 쑤십니다.
Q0116,통증 부위,location,허벅지 뒤쪽이 당겨요.
Q0116,통증 부위,location,종아리 바깥쪽이 저립니다.
Q0116,통증 부위,location,발바닥 앞쪽이 화끈거려요.
Q0116,통증 부위,location,손목 안쪽이 아파요.
Q0116,통증 부위,location,손가락 마디가 붓고 아픕니다.
Q0116,통증 부위,location,갈비뼈 아래쪽이 아파요.
Q0116,통증 부위,location,꼬리뼈가 앉을 때 아픕니다.
Q0116,통증 부위,location,발목 바깥쪽이 시큰거립니다.
Q0116,통증 부위,location,팔꿈치 바깥쪽이 찌릿합니다.
Q0116,통증 부위,location,턱관절 쪽이 씹을 때 아파요.
Q0117,통증 부위,location,허리가 제일 아파요.
Q0117,통증 부위,location,목 뒤가 제일 불편합니다.
Q0117,통증 부위,location,오른쪽 어깨가 아파요.
Q0117,통증 부위,location,왼쪽 무릎이 제일 아픕니다.
Q0117,통증 부위,location,엉치 쪽이 쑤십니다.
Q0117,통증 부위,location,허벅지 뒤쪽이 당겨요.
Q0117,통증 부위,location,종아리 바깥쪽이 저립니다.
Q0117,통증 부위,location,발바닥 앞쪽이 화끈거려요.
Q0117,통증 부위,location,손목 안쪽이 아파요.
Q0117,통증 부위,location,손가락 마디가 붓고 아픕니다.
Q0117,통증 부위,location,갈비뼈 아래쪽이 아파요.
Q0117,통증 부위,location,꼬리뼈가 앉을 때 아픕니다.
Q0117,통증 부위,location,발목 바깥쪽이 시큰거립니다.
Q0117,통증 부위,location,팔꿈치 바깥쪽이 찌릿합니다.
Q0117,통증 부위,location,턱관절 쪽이 씹을 때 아파요.
Q0118,통증 부위,location,허리가 제일 아파요.
Q0118,통증 부위,location,목 뒤가 제일 불편합니다.
Q0118,통증 부위,location,오른쪽 어깨가 아파요.
Q0118,통증 부위,location,왼쪽 무릎이 제일 아픕니다.
Q0118,통증 부위,location,엉치 쪽이 쑤십니다.
Q0118,통증 부위,location,허벅지 뒤쪽이 당겨요.
Q0118,통증 부위,location,종아리 바깥쪽이 저립니다.
Q0118,통증 부위,location,발바닥 앞쪽이 화끈거려요.
Q0118,통증 부위,location,손목 안쪽이 아파요.
Q0118,통증 부위,location,손가락 마디가 붓고 아픕니다.
Q0118,통증 부위,location,갈비뼈 아래쪽이 아파요.
Q0118,통증 부위,location,꼬리뼈가 앉을 때 아픕니다.
Q0118,통증 부위,location,발목 바깥쪽이 시큰거립니다.
Q0118,통증 부위,location,팔꿈치 바깥쪽이 찌릿합니다.
Q0118,통증 부위,location,턱관절 쪽이 씹을 때 아파요.
Q0119,통증 부위,location,허리가 제일 아파요.
Q0119,통증 부위,location,목 뒤가 제일 불편합니다.
Q0119,통증 부위,location,오른쪽 어깨가 아파요.
Q0119,통증 부위,location,왼쪽 무릎이 제일 아픕니다.
Q0119,통증 부위,location,엉치 쪽이 쑤십니다.
Q0119,통증 부위,location,허벅지 뒤쪽이 당겨요.
Q0119,통증 부위,location,종아리 바깥쪽이 저립니다.
Q0119,통증 부위,location,발바닥 앞쪽이 화끈거려요.
Q0119,통증 부위,location,손목 안쪽이 아파요.
Q0119,통증 부위,location,손가락 마디가 붓고 아픕니다.
Q0119,통증 부위,location,갈비뼈 아래쪽이 아파요.
Q0119,통증 부위,location,꼬리뼈가 앉을 때 아픕니다.
Q0119,통증 부위,location,발목 바깥쪽이 시큰거립니다.
Q0119,통증 부위,location,팔꿈치 바깥쪽이 찌릿합니다.
Q0119,통증 부위,location,턱관절 쪽이 씹을 때 아파요.
Q0120,통증 부위,location,허리가 제일 아파요.
Q0120,통증 부위,location,목 뒤가 제일 불편합니다.
Q0120,통증 부위,location,오른쪽 어깨가 아파요.
Q0120,통증 부위,location,왼쪽 무릎이 제일 아픕니다.
Q0120,통증 부위,location,엉치 쪽이 쑤십니다.
Q0120,통증 부위,location,허벅지 뒤쪽이 당겨요.
Q0120,통증 부위,location,종아리 바깥쪽이 저립니다.
Q0120,통증 부위,location,발바닥 앞쪽이 화끈거려요.
Q0120,통증 부위,location,손목 안쪽이 아파요.
Q0120,통증 부위,location,손가락 마디가 붓고 아픕니다.
Q0120,통증 부위,location,갈비뼈 아래쪽이 아파요.
Q0120,통증 부위,location,꼬리뼈가 앉을 때 아픕니다.
Q0120,통증 부위,location,발목 바깥쪽이 시큰거립니다.
Q0120,통증 부위,location,팔꿈치 바깥쪽이 찌릿합니다.
Q0120,통증 부위,location,턱관절 쪽이 씹을 때 아파요.
Q0121,통증 부위,location,허리가 제일 아파요.
Q0121,통증 부위,location,목 뒤가 제일 불편합니다.
Q0121,통증 부위,location,오른쪽 어깨가 아파요.
Q0121,통증 부위,location,왼쪽 무릎이 제일 아픕니다.
Q0121,통증 부위,location,엉치 쪽이 쑤십니다.
Q0121,통증 부위,location,허벅지 뒤쪽이 당겨요.
Q0121,통증 부위,location,종아리 바깥쪽이 저립니다.
Q0121,통증 부위,location,발바닥 앞쪽이 화끈거려요.
Q0121,통증 부위,location,손목 안쪽이 아파요.
Q0121,통증 부위,location,손가락 마디가 붓고 아픕니다.
Q0121,통증 부위,location,갈비뼈 아래쪽이 아파요.
Q0121,통증 부위,location,꼬리뼈가 앉을 때 아픕니다.
Q0121,통증 부위,location,발목 바깥쪽이 시큰거립니다.
Q0121,통증 부위,location,팔꿈치 바깥쪽이 찌릿합니다.
Q0121,통증 부위,location,턱관절 쪽이 씹을 때 아파요.
Q0122,통증 부위,location,허리가 제일 아파요.
Q0122,통증 부위,location,목 뒤가 제일 불편합니다.
Q0122,통증 부위,location,오른쪽 어깨가 아파요.
Q0122,통증 부위,location,왼쪽 무릎이 제일 아픕니다.
Q0122,통증 부위,location,엉치 쪽이 쑤십니다.
Q0122,통증 부위,location,허벅지 뒤쪽이 당겨요.
Q0122,통증 부위,location,종아리 바깥쪽이 저립니다.
Q0122,통증 부위,location,발바닥 앞쪽이 화끈거려요.
Q0122,통증 부위,location,손목 안쪽이 아파요.
Q0122,통증 부위,location,손가락 마디가 붓고 아픕니다.
Q0122,통증 부위,location,갈비뼈 아래쪽이 아파요.
Q0122,통증 부위,location,꼬리뼈가 앉을 때 아픕니다.
Q0122,통증 부위,location,발목 바깥쪽이 시큰거립니다.
Q0122,통증 부위,location,팔꿈치 바깥쪽이 찌릿합니다.
Q0122,통증 부위,location,턱관절 쪽이 씹을 때 아파요.
Q0123,통증 부위,location,허리가 제일 아파요.
Q0123,통증 부위,location,목 뒤가 제일 불편합니다.
Q0123,통증 부위,location,오른쪽 어깨가 아파요.
Q0123,통증 부위,location,왼쪽 무릎이 제일 아픕니다.
Q0123,통증 부위,location,엉치 쪽이 쑤십니다.
Q0123,통증 부위,location,허벅지 뒤쪽이 당겨요.
Q0123,통증 부위,location,종아리 바깥쪽이 저립니다.
Q0123,통증 부위,location,발바닥 앞쪽이 화끈거려요.
Q0123,통증 부위,location,손목 안쪽이 아파요.
Q0123,통증 부위,location,손가락 마디가 붓고 아픕니다.
Q0123,통증 부위,location,갈비뼈 아래쪽이 아파요.
Q0123,통증 부위,location,꼬리뼈가 앉을 때 아픕니다.
Q0123,통증 부위,location,발목 바깥쪽이 시큰거립니다.
Q0123,통증 부위,location,팔꿈치 바깥쪽이 찌릿합니다.
Q0123,통증 부위,location,턱관절 쪽이 씹을 때 아파요.
Q0124,통증 부위,side,오른쪽이 더 아파요.
Q0124,통증 부위,side,왼쪽이 더 불편합니다.
Q0124,통증 부위,side,양쪽 다 아픕니다.
Q0124,통증 부위,side,한쪽만 아파요.
Q0124,통증 부위,side,가운데가 제일 아픕니다.
Q0124,통증 부위,side,처음에는 왼쪽이었는데 지금은 오른쪽도 아파요.
Q0124,통증 부위,side,오른쪽 다리로 내려갑니다.
Q0124,통증 부위,side,왼쪽 팔까지 저립니다.
Q0124,통증 부위,side,양쪽이 번갈아 아파요.
Q0124,통증 부위,side,오른쪽보다 왼쪽이 더 심합니다.
Q0125,통증 부위,side,오른쪽이 더 아파요.
Q0125,통증 부위,side,왼쪽이 더 불편합니다.
Q0125,통증 부위,side,양쪽 다 아픕니다.
Q0125,통증 부위,side,한쪽만 아파요.
Q0125,통증 부위,side,가운데가 제일 아픕니다.
Q0125,통증 부위,side,처음에는 왼쪽이었는데 지금은 오른쪽도 아파요.
Q0125,통증 부위,side,오른쪽 다리로 내려갑니다.
Q0125,통증 부위,side,왼쪽 팔까지 저립니다.
Q0125,통증 부위,side,양쪽이 번갈아 아파요.
Q0125,통증 부위,side,오른쪽보다 왼쪽이 더 심합니다.
Q0126,통증 부위,side,오른쪽이 더 아파요.
Q0126,통증 부위,side,왼쪽이 더 불편합니다.
Q0126,통증 부위,side,양쪽 다 아픕니다.
Q0126,통증 부위,side,한쪽만 아파요.
Q0126,통증 부위,side,가운데가 제일 아픕니다.
Q0126,통증 부위,side,처음에는 왼쪽이었는데 지금은 오른쪽도 아파요.
Q0126,통증 부위,side,오른쪽 다리로 내려갑니다.
Q0126,통증 부위,side,왼쪽 팔까지 저립니다.
Q0126,통증 부위,side,양쪽이 번갈아 아파요.
Q0126,통증 부위,side,오른쪽보다 왼쪽이 더 심합니다.
Q0127,통증강도,pain_score,지금은 3점 정도입니다.
Q0127,통증강도,pain_score,평소에는 5점 정도예요.
Q0127,통증강도,pain_score,움직이면 7점까지 올라갑니다.
Q0127,통증강도,pain_score,심할 때는 9점입니다.
Q0127,통증강도,pain_score,최고로 아플 때는 10점 같아요.
Q0127,통증강도,pain_score,참을 만하면 4점 정도입니다.
Q0127,통증강도,pain_score,밤에는 8점 정도로 심해져요.
Q0127,통증강도,pain_score,약 먹으면 2점 정도로 줄어요.
Q0127,통증강도,pain_score,가만히 있으면 1점 정도예요.
Q0127,통증강도,pain_score,계단 내려갈 때는 6점 정도입니다.
Q0128,통증강도,pain_score,지금은 3점 정도입니다.
Q0128,통증강도,pain_score,평소에는 5점 정도예요.
Q0128,통증강도,pain_score,움직이면 7점까지 올라갑니다.
Q0128,통증강도,pain_score,심할 때는 9점입니다.
Q0128,통증강도,pain_score,최고로 아플 때는 10점 같아요.
Q0128,통증강도,pain_score,참을 만하면 4점 정도입니다.
Q0128,통증강도,pain_score,밤에는 8점 정도로 심해져요.
Q0128,통증강도,pain_score,약 먹으면 2점 정도로 줄어요.
Q0128,통증강도,pain_score,가만히 있으면 1점 정도예요.
Q0128,통증강도,pain_score,계단 내려갈 때는 6점 정도입니다.
Q0129,통증강도,pain_score,지금은 3점 정도입니다.
Q0129,통증강도,pain_score,평소에는 5점 정도예요.
Q0129,통증강도,pain_score,움직이면 7점까지 올라갑니다.
Q0129,통증강도,pain_score,심할 때는 9점입니다.
Q0129,통증강도,pain_score,최고로 아플 때는 10점 같아요.
Q0129,통증강도,pain_score,참을 만하면 4점 정도입니다.
Q0129,통증강도,pain_score,밤에는 8점 정도로 심해져요.
Q0129,통증강도,pain_score,약 먹으면 2점 정도로 줄어요.
Q0129,통증강도,pain_score,가만히 있으면 1점 정도예요.
Q0129,통증강도,pain_score,계단 내려갈 때는 6점 정도입니다.
Q0130,통증강도,pain_score,지금은 3점 정도입니다.
Q0130,통증강도,pain_score,평소에는 5점 정도예요.
Q0130,통증강도,pain_score,움직이면 7점까지 올라갑니다.
Q0130,통증강도,pain_score,심할 때는 9점입니다.
Q0130,통증강도,pain_score,최고로 아플 때는 10점 같아요.
Q0130,통증강도,pain_score,참을 만하면 4점 정도입니다.
Q0130,통증강도,pain_score,밤에는 8점 정도로 심해져요.
Q0130,통증강도,pain_score,약 먹으면 2점 정도로 줄어요.
Q0130,통증강도,pain_score,가만히 있으면 1점 정도예요.
Q0130,통증강도,pain_score,계단 내려갈 때는 6점 정도입니다.
Q0131,통증강도,severity,참을 만해요.
Q0131,통증강도,severity,많이 아파요.
Q0131,통증강도,severity,너무 아파요.
Q0131,통증강도,severity,움직이기 힘들어요.
Q0131,통증강도,severity,잠을 못 잘 정도로 아파요.
Q0131,통증강도,severity,일상생활이 어렵습니다.
Q0131,통증강도,severity,조금 불편한 정도입니다.
Q0131,통증강도,severity,걸을 때마다 심합니다.
Q0131,통증강도,severity,가끔 심해집니다.
Q0131,통증강도,severity,계속 신경 쓰일 정도입니다.
Q0132,통증강도,severity,참을 만해요.
Q0132,통증강도,severity,많이 아파요.
Q0132,통증강도,severity,너무 아파요.
Q0132,통증강도,severity,움직이기 힘들어요.
Q0132,통증강도,severity,잠을 못 잘 정도로 아파요.
Q0132,통증강도,severity,일상생활이 어렵습니다.
Q0132,통증강도,severity,조금 불편한 정도입니다.
Q0132,통증강도,severity,걸을 때마다 심합니다.
Q0132,통증강도,severity,가끔 심해집니다.
Q0132,통증강도,severity,계속 신경 쓰일 정도입니다.
Q0133,통증강도,function,걷기 힘듭니다.
Q0133,통증강도,function,계단 내려갈 때 힘들어요.
Q0133,통증강도,function,양말 신기가 어렵습니다.
Q0133,통증강도,function,운전하면 허리가 아파요.
Q0133,통증강도,function,집안일을 못 하겠습니다.
Q0133,통증강도,function,오래 앉아 있기가 어렵습니다.
Q0133,통증강도,function,서서 일하기 힘들어요.
Q0133,통증강도,function,일상생활은 가능합니다.
Q0133,통증강도,function,걷는 거리는 줄었습니다.
Q0133,통증강도,function,통증 때문에 일을 쉬었습니다.
Q0134,통증강도,function,걷기 힘듭니다.
Q0134,통증강도,function,계단 내려갈 때 힘들어요.
Q0134,통증강도,function,양말 신기가 어렵습니다.
Q0134,통증강도,function,운전하면 허리가 아파요.
Q0134,통증강도,function,집안일을 못 하겠습니다.
Q0134,통증강도,function,오래 앉아 있기가 어렵습니다.
Q0134,통증강도,function,서서 일하기 힘들어요.
Q0134,통증강도,function,일상생활은 가능합니다.
Q0134,통증강도,function,걷는 거리는 줄었습니다.
Q0134,통증강도,function,통증 때문에 일을 쉬었습니다.
Q0135,통증 발생시점,onset,어제부터 심해졌어요.
Q0135,통증 발생시점,onset,3일 전부터 아팠습니다.
Q0135,통증 발생시점,onset,일주일 전부터 시작됐어요.
Q0135,통증 발생시점,onset,한 달 전부터 조금씩 아팠습니다.
Q0135,통증 발생시점,onset,2개월 정도 됐어요.
Q0135,통증 발생시점,onset,1년 넘게 반복됐습니다.
Q0135,통증 발생시점,onset,교통사고 이후부터 아팠어요.
Q0135,통증 발생시점,onset,무거운 물건 들고 나서 생겼어요.
Q0135,통증 발생시점,onset,운동하고 나서 갑자기 아팠습니다.
Q0135,통증 발생시점,onset,대상포진 앓고 나서 계속 아파요.
Q0135,통증 발생시점,onset,원래 조금 있었는데 최근에 심해졌어요.
Q0135,통증 발생시점,onset,특별한 이유 없이 갑자기 시작됐습니다.
Q0136,통증 발생시점,onset,어제부터 심해졌어요.
Q0136,통증 발생시점,onset,3일 전부터 아팠습니다.
Q0136,통증 발생시점,onset,일주일 전부터 시작됐어요.
Q0136,통증 발생시점,onset,한 달 전부터 조금씩 아팠습니다.
Q0136,통증 발생시점,onset,2개월 정도 됐어요.
Q0136,통증 발생시점,onset,1년 넘게 반복됐습니다.
Q0136,통증 발생시점,onset,교통사고 이후부터 아팠어요.
Q0136,통증 발생시점,onset,무거운 물건 들고 나서 생겼어요.
Q0136,통증 발생시점,onset,운동하고 나서 갑자기 아팠습니다.
Q0136,통증 발생시점,onset,대상포진 앓고 나서 계속 아파요.
Q0136,통증 발생시점,onset,원래 조금 있었는데 최근에 심해졌어요.
Q0136,통증 발생시점,onset,특별한 이유 없이 갑자기 시작됐습니다.
Q0137,통증 발생시점,onset,어제부터 심해졌어요.
Q0137,통증 발생시점,onset,3일 전부터 아팠습니다.
Q0137,통증 발생시점,onset,일주일 전부터 시작됐어요.
Q0137,통증 발생시점,onset,한 달 전부터 조금씩 아팠습니다.
Q0137,통증 발생시점,onset,2개월 정도 됐어요.
Q0137,통증 발생시점,onset,1년 넘게 반복됐습니다.
Q0137,통증 발생시점,onset,교통사고 이후부터 아팠어요.
Q0137,통증 발생시점,onset,무거운 물건 들고 나서 생겼어요.
Q0137,통증 발생시점,onset,운동하고 나서 갑자기 아팠습니다.
Q0137,통증 발생시점,onset,대상포진 앓고 나서 계속 아파요.
Q0137,통증 발생시점,onset,원래 조금 있었는데 최근에 심해졌어요.
Q0137,통증 발생시점,onset,특별한 이유 없이 갑자기 시작됐습니다.
Q0138,통증 발생시점,onset,어제부터 심해졌어요.
Q0138,통증 발생시점,onset,3일 전부터 아팠습니다.
Q0138,통증 발생시점,onset,일주일 전부터 시작됐어요.
Q0138,통증 발생시점,onset,한 달 전부터 조금씩 아팠습니다.
Q0138,통증 발생시점,onset,2개월 정도 됐어요.
Q0138,통증 발생시점,onset,1년 넘게 반복됐습니다.
Q0138,통증 발생시점,onset,교통사고 이후부터 아팠어요.
Q0138,통증 발생시점,onset,무거운 물건 들고 나서 생겼어요.
Q0138,통증 발생시점,onset,운동하고 나서 갑자기 아팠습니다.
Q0138,통증 발생시점,onset,대상포진 앓고 나서 계속 아파요.
Q0138,통증 발생시점,onset,원래 조금 있었는데 최근에 심해졌어요.
Q0138,통증 발생시점,onset,특별한 이유 없이 갑자기 시작됐습니다.
Q0139,통증 발생시점,onset,어제부터 심해졌어요.
Q0139,통증 발생시점,onset,3일 전부터 아팠습니다.
Q0139,통증 발생시점,onset,일주일 전부터 시작됐어요.
Q0139,통증 발생시점,onset,한 달 전부터 조금씩 아팠습니다.
Q0139,통증 발생시점,onset,2개월 정도 됐어요.
Q0139,통증 발생시점,onset,1년 넘게 반복됐습니다.
Q0139,통증 발생시점,onset,교통사고 이후부터 아팠어요.
Q0139,통증 발생시점,onset,무거운 물건 들고 나서 생겼어요.
Q0139,통증 발생시점,onset,운동하고 나서 갑자기 아팠습니다.
Q0139,통증 발생시점,onset,대상포진 앓고 나서 계속 아파요.
Q0139,통증 발생시점,onset,원래 조금 있었는데 최근에 심해졌어요.
Q0139,통증 발생시점,onset,특별한 이유 없이 갑자기 시작됐습니다.
Q0140,통증 발생시점,onset,어제부터 심해졌어요.
Q0140,통증 발생시점,onset,3일 전부터 아팠습니다.
Q0140,통증 발생시점,onset,일주일 전부터 시작됐어요.
Q0140,통증 발생시점,onset,한 달 전부터 조금씩 아팠습니다.
Q0140,통증 발생시점,onset,2개월 정도 됐어요.
Q0140,통증 발생시점,onset,1년 넘게 반복됐습니다.
Q0140,통증 발생시점,onset,교통사고 이후부터 아팠어요.
Q0140,통증 발생시점,onset,무거운 물건 들고 나서 생겼어요.
Q0140,통증 발생시점,onset,운동하고 나서 갑자기 아팠습니다.
Q0140,통증 발생시점,onset,대상포진 앓고 나서 계속 아파요.
Q0140,통증 발생시점,onset,원래 조금 있었는데 최근에 심해졌어요.
Q0140,통증 발생시점,onset,특별한 이유 없이 갑자기 시작됐습니다.
Q0141,통증 발생시점,pattern,계속 아파요.
Q0141,통증 발생시점,pattern,하루 종일 아픕니다.
Q0141,통증 발생시점,pattern,왔다 갔다 해요.
Q0141,통증 발생시점,pattern,아팠다 안 아팠다 합니다.
Q0141,통증 발생시점,pattern,가끔씩 심해져요.
Q0141,통증 발생시점,pattern,밤마다 반복됩니다.
Q0141,통증 발생시점,pattern,일정하게 계속 아픕니다.
Q0141,통증 발생시점,pattern,움직일 때만 아파요.
Q0141,통증 발생시점,pattern,한 번 아프면 오래 갑니다.
Q0141,통증 발생시점,pattern,최근에는 점점 심해져요.
Q0142,통증 발생시점,pattern,계속 아파요.
Q0142,통증 발생시점,pattern,하루 종일 아픕니다.
Q0142,통증 발생시점,pattern,왔다 갔다 해요.
Q0142,통증 발생시점,pattern,아팠다 안 아팠다 합니다.
Q0142,통증 발생시점,pattern,가끔씩 심해져요.
Q0142,통증 발생시점,pattern,밤마다 반복됩니다.
Q0142,통증 발생시점,pattern,일정하게 계속 아픕니다.
Q0142,통증 발생시점,pattern,움직일 때만 아파요.
Q0142,통증 발생시점,pattern,한 번 아프면 오래 갑니다.
Q0142,통증 발생시점,pattern,최근에는 점점 심해져요.
Q0143,통증 양상,quality,쿡쿡 쑤십니다.
Q0143,통증 양상,quality,콕콕 찌르는 느낌이에요.
Q0143,통증 양상,quality,찌릿찌릿 저려요.
Q0143,통증 양상,quality,뻐근하고 무거워요.
Q0143,통증 양상,quality,화끈거리고 타는 듯해요.
Q0143,통증 양상,quality,묵직하게 눌리는 느낌입니다.
Q0143,통증 양상,quality,날카롭게 찌릅니다.
Q0143,통증 양상,quality,저린 느낌이 계속 있어요.
Q0143,통증 양상,quality,전기 오는 것처럼 찌릿해요.
Q0143,통증 양상,quality,욱신욱신 아파요.
Q0143,통증 양상,quality,시큰시큰합니다.
Q0143,통증 양상,quality,당기는 통증입니다.
Q0143,통증 양상,quality,따갑고 쓰라립니다.
Q0143,통증 양상,quality,시리고 차가운 느낌입니다.
Q0143,통증 양상,quality,쥐어짜는 느낌이에요.
Q0144,통증 양상,quality,쿡쿡 쑤십니다.
Q0144,통증 양상,quality,콕콕 찌르는 느낌이에요.
Q0144,통증 양상,quality,찌릿찌릿 저려요.
Q0144,통증 양상,quality,뻐근하고 무거워요.
Q0144,통증 양상,quality,화끈거리고 타는 듯해요.
Q0144,통증 양상,quality,묵직하게 눌리는 느낌입니다.
Q0144,통증 양상,quality,날카롭게 찌릅니다.
Q0144,통증 양상,quality,저린 느낌이 계속 있어요.
Q0144,통증 양상,quality,전기 오는 것처럼 찌릿해요.
Q0144,통증 양상,quality,욱신욱신 아파요.
Q0144,통증 양상,quality,시큰시큰합니다.
Q0144,통증 양상,quality,당기는 통증입니다.
Q0144,통증 양상,quality,따갑고 쓰라립니다.
Q0144,통증 양상,quality,시리고 차가운 느낌입니다.
Q0144,통증 양상,quality,쥐어짜는 느낌이에요.
Q0145,통증 양상,quality,쿡쿡 쑤십니다.
Q0145,통증 양상,quality,콕콕 찌르는 느낌이에요.
Q0145,통증 양상,quality,찌릿찌릿 저려요.
Q0145,통증 양상,quality,뻐근하고 무거워요.
Q0145,통증 양상,quality,화끈거리고 타는 듯해요.
Q0145,통증 양상,quality,묵직하게 눌리는 느낌입니다.
Q0145,통증 양상,quality,날카롭게 찌릅니다.
Q0145,통증 양상,quality,저린 느낌이 계속 있어요.
Q0145,통증 양상,quality,전기 오는 것처럼 찌릿해요.
Q0145,통증 양상,quality,욱신욱신 아파요.
Q0145,통증 양상,quality,시큰시큰합니다.
Q0145,통증 양상,quality,당기는 통증입니다.
Q0145,통증 양상,quality,따갑고 쓰라립니다.
Q0145,통증 양상,quality,시리고 차가운 느낌입니다.
Q0145,통증 양상,quality,쥐어짜는 느낌이에요.
Q0146,통증 양상,quality,쿡쿡 쑤십니다.
Q0146,통증 양상,quality,콕콕 찌르는 느낌이에요.
Q0146,통증 양상,quality,찌릿찌릿 저려요.
Q0146,통증 양상,quality,뻐근하고 무거워요.
Q0146,통증 양상,quality,화끈거리고 타는 듯해요.
Q0146,통증 양상,quality,묵직하게 눌리는 느낌입니다.
Q0146,통증 양상,quality,날카롭게 찌릅니다.
Q0146,통증 양상,quality,저린 느낌이 계속 있어요.
Q0146,통증 양상,quality,전기 오는 것처럼 찌릿해요.
Q0146,통증 양상,quality,욱신욱신 아파요.
Q0146,통증 양상,quality,시큰시큰합니다.
Q0146,통증 양상,quality,당기는 통증입니다.
Q0146,통증 양상,quality,따갑고 쓰라립니다.
Q0146,통증 양상,quality,시리고 차가운 느낌입니다.
Q0146,통증 양상,quality,쥐어짜는 느낌이에요.
Q0147,통증 양상,quality,쿡쿡 쑤십니다.
Q0147,통증 양상,quality,콕콕 찌르는 느낌이에요.
Q0147,통증 양상,quality,찌릿찌릿 저려요.
Q0147,통증 양상,quality,뻐근하고 무거워요.
Q0147,통증 양상,quality,화끈거리고 타는 듯해요.
Q0147,통증 양상,quality,묵직하게 눌리는 느낌입니다.
Q0147,통증 양상,quality,날카롭게 찌릅니다.
Q0147,통증 양상,quality,저린 느낌이 계속 있어요.
Q0147,통증 양상,quality,전기 오는 것처럼 찌릿해요.
Q0147,통증 양상,quality,욱신욱신 아파요.
Q0147,통증 양상,quality,시큰시큰합니다.
Q0147,통증 양상,quality,당기는 통증입니다.
Q0147,통증 양상,quality,따갑고 쓰라립니다.
Q0147,통증 양상,quality,시리고 차가운 느낌입니다.
Q0147,통증 양상,quality,쥐어짜는 느낌이에요.
Q0148,통증 양상,quality,쿡쿡 쑤십니다.
Q0148,통증 양상,quality,콕콕 찌르는 느낌이에요.
Q0148,통증 양상,quality,찌릿찌릿 저려요.
Q0148,통증 양상,quality,뻐근하고 무거워요.
Q0148,통증 양상,quality,화끈거리고 타는 듯해요.
Q0148,통증 양상,quality,묵직하게 눌리는 느낌입니다.
Q0148,통증 양상,quality,날카롭게 찌릅니다.
Q0148,통증 양상,quality,저린 느낌이 계속 있어요.
Q0148,통증 양상,quality,전기 오는 것처럼 찌릿해요.
Q0148,통증 양상,quality,욱신욱신 아파요.
Q0148,통증 양상,quality,시큰시큰합니다.
Q0148,통증 양상,quality,당기는 통증입니다.
Q0148,통증 양상,quality,따갑고 쓰라립니다.
Q0148,통증 양상,quality,시리고 차가운 느낌입니다.
Q0148,통증 양상,quality,쥐어짜는 느낌이에요.
Q0149,통증 양상,quality,쿡쿡 쑤십니다.
Q0149,통증 양상,quality,콕콕 찌르는 느낌이에요.
Q0149,통증 양상,quality,찌릿찌릿 저려요.
Q0149,통증 양상,quality,뻐근하고 무거워요.
Q0149,통증 양상,quality,화끈거리고 타는 듯해요.
Q0149,통증 양상,quality,묵직하게 눌리는 느낌입니다.
Q0149,통증 양상,quality,날카롭게 찌릅니다.
Q0149,통증 양상,quality,저린 느낌이 계속 있어요.
Q0149,통증 양상,quality,전기 오는 것처럼 찌릿해요.
Q0149,통증 양상,quality,욱신욱신 아파요.
Q0149,통증 양상,quality,시큰시큰합니다.
Q0149,통증 양상,quality,당기는 통증입니다.
Q0149,통증 양상,quality,따갑고 쓰라립니다.
Q0149,통증 양상,quality,시리고 차가운 느낌입니다.
Q0149,통증 양상,quality,쥐어짜는 느낌이에요.
Q0150,통증 양상,skin_lesion,물집이 생겼었습니다.
Q0150,통증 양상,skin_lesion,발진이 있었어요.
Q0150,통증 양상,skin_lesion,피부가 따갑습니다.
Q0150,통증 양상,skin_lesion,대상포진 자리가 아픕니다.
Q0150,통증 양상,skin_lesion,피부 병변은 없습니다.
Q0150,통증 양상,skin_lesion,스치기만 해도 아파요.
Q0150,통증 양상,skin_lesion,옷이 닿으면 따갑습니다.
Q0150,통증 양상,skin_lesion,화끈거리는 통증이 남았습니다.
Q0151,통증 양상,skin_lesion,물집이 생겼었습니다.
Q0151,통증 양상,skin_lesion,발진이 있었어요.
Q0151,통증 양상,skin_lesion,피부가 따갑습니다.
Q0151,통증 양상,skin_lesion,대상포진 자리가 아픕니다.
Q0151,통증 양상,skin_lesion,피부 병변은 없습니다.
Q0151,통증 양상,skin_lesion,스치기만 해도 아파요.
Q0151,통증 양상,skin_lesion,옷이 닿으면 따갑습니다.
Q0151,통증 양상,skin_lesion,화끈거리는 통증이 남았습니다.
Q0152,통증 유발/완화 요인,trigger_posture,앉아 있으면 더 아픕니다.
Q0152,통증 유발/완화 요인,trigger_posture,오래 서 있으면 심해져요.
Q0152,통증 유발/완화 요인,trigger_posture,걸으면 더 아파요.
Q0152,통증 유발/완화 요인,trigger_posture,계단 내려갈 때 아픕니다.
Q0152,통증 유발/완화 요인,trigger_posture,허리를 숙이면 통증이 올라와요.
Q0152,통증 유발/완화 요인,trigger_posture,허리를 펴면 조금 편합니다.
Q0152,통증 유발/완화 요인,trigger_posture,누우면 좀 괜찮아져요.
Q0152,통증 유발/완화 요인,trigger_posture,가만히 있으면 괜찮아요.
Q0152,통증 유발/완화 요인,trigger_posture,움직이면 더 아파요.
Q0152,통증 유발/완화 요인,trigger_posture,기침하면 허리까지 울립니다.
Q0152,통증 유발/완화 요인,trigger_posture,고개를 돌리면 목이 아픕니다.
Q0152,통증 유발/완화 요인,trigger_posture,팔을 올리면 어깨가 아파요.
Q0152,통증 유발/완화 요인,trigger_posture,쪼그려 앉으면 무릎이 아파요.
Q0152,통증 유발/완화 요인,trigger_posture,운전하고 나면 허리가 뻐근합니다.
Q0152,통증 유발/완화 요인,trigger_posture,아침에 일어날 때 더 아파요.
Q0153,통증 유발/완화 요인,trigger_posture,앉아 있으면 더 아픕니다.
Q0153,통증 유발/완화 요인,trigger_posture,오래 서 있으면 심해져요.
Q0153,통증 유발/완화 요인,trigger_posture,걸으면 더 아파요.
Q0153,통증 유발/완화 요인,trigger_posture,계단 내려갈 때 아픕니다.
Q0153,통증 유발/완화 요인,trigger_posture,허리를 숙이면 통증이 올라와요.
Q0153,통증 유발/완화 요인,trigger_posture,허리를 펴면 조금 편합니다.
Q0153,통증 유발/완화 요인,trigger_posture,누우면 좀 괜찮아져요.
Q0153,통증 유발/완화 요인,trigger_posture,가만히 있으면 괜찮아요.
Q0153,통증 유발/완화 요인,trigger_posture,움직이면 더 아파요.
Q0153,통증 유발/완화 요인,trigger_posture,기침하면 허리까지 울립니다.
Q0153,통증 유발/완화 요인,trigger_posture,고개를 돌리면 목이 아픕니다.
Q0153,통증 유발/완화 요인,trigger_posture,팔을 올리면 어깨가 아파요.
Q0153,통증 유발/완화 요인,trigger_posture,쪼그려 앉으면 무릎이 아파요.
Q0153,통증 유발/완화 요인,trigger_posture,운전하고 나면 허리가 뻐근합니다.
Q0153,통증 유발/완화 요인,trigger_posture,아침에 일어날 때 더 아파요.
Q0154,통증 유발/완화 요인,trigger_posture,앉아 있으면 더 아픕니다.
Q0154,통증 유발/완화 요인,trigger_posture,오래 서 있으면 심해져요.
Q0154,통증 유발/완화 요인,trigger_posture,걸으면 더 아파요.
Q0154,통증 유발/완화 요인,trigger_posture,계단 내려갈 때 아픕니다.
Q0154,통증 유발/완화 요인,trigger_posture,허리를 숙이면 통증이 올라와요.
Q0154,통증 유발/완화 요인,trigger_posture,허리를 펴면 조금 편합니다.
Q0154,통증 유발/완화 요인,trigger_posture,누우면 좀 괜찮아져요.
Q0154,통증 유발/완화 요인,trigger_posture,가만히 있으면 괜찮아요.
Q0154,통증 유발/완화 요인,trigger_posture,움직이면 더 아파요.
Q0154,통증 유발/완화 요인,trigger_posture,기침하면 허리까지 울립니다.
Q0154,통증 유발/완화 요인,trigger_posture,고개를 돌리면 목이 아픕니다.
Q0154,통증 유발/완화 요인,trigger_posture,팔을 올리면 어깨가 아파요.
Q0154,통증 유발/완화 요인,trigger_posture,쪼그려 앉으면 무릎이 아파요.
Q0154,통증 유발/완화 요인,trigger_posture,운전하고 나면 허리가 뻐근합니다.
Q0154,통증 유발/완화 요인,trigger_posture,아침에 일어날 때 더 아파요.
Q0155,통증 유발/완화 요인,trigger_posture,앉아 있으면 더 아픕니다.
Q0155,통증 유발/완화 요인,trigger_posture,오래 서 있으면 심해져요.
Q0155,통증 유발/완화 요인,trigger_posture,걸으면 더 아파요.
Q0155,통증 유발/완화 요인,trigger_posture,계단 내려갈 때 아픕니다.
Q0155,통증 유발/완화 요인,trigger_posture,허리를 숙이면 통증이 올라와요.
Q0155,통증 유발/완화 요인,trigger_posture,허리를 펴면 조금 편합니다.
Q0155,통증 유발/완화 요인,trigger_posture,누우면 좀 괜찮아져요.
Q0155,통증 유발/완화 요인,trigger_posture,가만히 있으면 괜찮아요.
Q0155,통증 유발/완화 요인,trigger_posture,움직이면 더 아파요.
Q0155,통증 유발/완화 요인,trigger_posture,기침하면 허리까지 울립니다.
Q0155,통증 유발/완화 요인,trigger_posture,고개를 돌리면 목이 아픕니다.
Q0155,통증 유발/완화 요인,trigger_posture,팔을 올리면 어깨가 아파요.
Q0155,통증 유발/완화 요인,trigger_posture,쪼그려 앉으면 무릎이 아파요.
Q0155,통증 유발/완화 요인,trigger_posture,운전하고 나면 허리가 뻐근합니다.
Q0155,통증 유발/완화 요인,trigger_posture,아침에 일어날 때 더 아파요.
Q0156,통증 유발/완화 요인,trigger_posture,앉아 있으면 더 아픕니다.
Q0156,통증 유발/완화 요인,trigger_posture,오래 서 있으면 심해져요.
Q0156,통증 유발/완화 요인,trigger_posture,걸으면 더 아파요.
Q0156,통증 유발/완화 요인,trigger_posture,계단 내려갈 때 아픕니다.
Q0156,통증 유발/완화 요인,trigger_posture,허리를 숙이면 통증이 올라와요.
Q0156,통증 유발/완화 요인,trigger_posture,허리를 펴면 조금 편합니다.
Q0156,통증 유발/완화 요인,trigger_posture,누우면 좀 괜찮아져요.
Q0156,통증 유발/완화 요인,trigger_posture,가만히 있으면 괜찮아요.
Q0156,통증 유발/완화 요인,trigger_posture,움직이면 더 아파요.
Q0156,통증 유발/완화 요인,trigger_posture,기침하면 허리까지 울립니다.
Q0156,통증 유발/완화 요인,trigger_posture,고개를 돌리면 목이 아픕니다.
Q0156,통증 유발/완화 요인,trigger_posture,팔을 올리면 어깨가 아파요.
Q0156,통증 유발/완화 요인,trigger_posture,쪼그려 앉으면 무릎이 아파요.
Q0156,통증 유발/완화 요인,trigger_posture,운전하고 나면 허리가 뻐근합니다.
Q0156,통증 유발/완화 요인,trigger_posture,아침에 일어날 때 더 아파요.
Q0157,통증 유발/완화 요인,trigger_posture,앉아 있으면 더 아픕니다.
Q0157,통증 유발/완화 요인,trigger_posture,오래 서 있으면 심해져요.
Q0157,통증 유발/완화 요인,trigger_posture,걸으면 더 아파요.
Q0157,통증 유발/완화 요인,trigger_posture,계단 내려갈 때 아픕니다.
Q0157,통증 유발/완화 요인,trigger_posture,허리를 숙이면 통증이 올라와요.
Q0157,통증 유발/완화 요인,trigger_posture,허리를 펴면 조금 편합니다.
Q0157,통증 유발/완화 요인,trigger_posture,누우면 좀 괜찮아져요.
Q0157,통증 유발/완화 요인,trigger_posture,가만히 있으면 괜찮아요.
Q0157,통증 유발/완화 요인,trigger_posture,움직이면 더 아파요.
Q0157,통증 유발/완화 요인,trigger_posture,기침하면 허리까지 울립니다.
Q0157,통증 유발/완화 요인,trigger_posture,고개를 돌리면 목이 아픕니다.
Q0157,통증 유발/완화 요인,trigger_posture,팔을 올리면 어깨가 아파요.
Q0157,통증 유발/완화 요인,trigger_posture,쪼그려 앉으면 무릎이 아파요.
Q0157,통증 유발/완화 요인,trigger_posture,운전하고 나면 허리가 뻐근합니다.
Q0157,통증 유발/완화 요인,trigger_posture,아침에 일어날 때 더 아파요.
Q0158,통증 유발/완화 요인,trigger_posture,앉아 있으면 더 아픕니다.
Q0158,통증 유발/완화 요인,trigger_posture,오래 서 있으면 심해져요.
Q0158,통증 유발/완화 요인,trigger_posture,걸으면 더 아파요.
Q0158,통증 유발/완화 요인,trigger_posture,계단 내려갈 때 아픕니다.
Q0158,통증 유발/완화 요인,trigger_posture,허리를 숙이면 통증이 올라와요.
Q0158,통증 유발/완화 요인,trigger_posture,허리를 펴면 조금 편합니다.
Q0158,통증 유발/완화 요인,trigger_posture,누우면 좀 괜찮아져요.
Q0158,통증 유발/완화 요인,trigger_posture,가만히 있으면 괜찮아요.
Q0158,통증 유발/완화 요인,trigger_posture,움직이면 더 아파요.
Q0158,통증 유발/완화 요인,trigger_posture,기침하면 허리까지 울립니다.
Q0158,통증 유발/완화 요인,trigger_posture,고개를 돌리면 목이 아픕니다.
Q0158,통증 유발/완화 요인,trigger_posture,팔을 올리면 어깨가 아파요.
Q0158,통증 유발/완화 요인,trigger_posture,쪼그려 앉으면 무릎이 아파요.
Q0158,통증 유발/완화 요인,trigger_posture,운전하고 나면 허리가 뻐근합니다.
Q0158,통증 유발/완화 요인,trigger_posture,아침에 일어날 때 더 아파요.
Q0159,통증 유발/완화 요인,trigger_posture,앉아 있으면 더 아픕니다.
Q0159,통증 유발/완화 요인,trigger_posture,오래 서 있으면 심해져요.
Q0159,통증 유발/완화 요인,trigger_posture,걸으면 더 아파요.
Q0159,통증 유발/완화 요인,trigger_posture,계단 내려갈 때 아픕니다.
Q0159,통증 유발/완화 요인,trigger_posture,허리를 숙이면 통증이 올라와요.
Q0159,통증 유발/완화 요인,trigger_posture,허리를 펴면 조금 편합니다.
Q0159,통증 유발/완화 요인,trigger_posture,누우면 좀 괜찮아져요.
Q0159,통증 유발/완화 요인,trigger_posture,가만히 있으면 괜찮아요.
Q0159,통증 유발/완화 요인,trigger_posture,움직이면 더 아파요.
Q0159,통증 유발/완화 요인,trigger_posture,기침하면 허리까지 울립니다.
Q0159,통증 유발/완화 요인,trigger_posture,고개를 돌리면 목이 아픕니다.
Q0159,통증 유발/완화 요인,trigger_posture,팔을 올리면 어깨가 아파요.
Q0159,통증 유발/완화 요인,trigger_posture,쪼그려 앉으면 무릎이 아파요.
Q0159,통증 유발/완화 요인,trigger_posture,운전하고 나면 허리가 뻐근합니다.
Q0159,통증 유발/완화 요인,trigger_posture,아침에 일어날 때 더 아파요.
Q0160,통증 유발/완화 요인,trigger_posture,앉아 있으면 더 아픕니다.
Q0160,통증 유발/완화 요인,trigger_posture,오래 서 있으면 심해져요.
Q0160,통증 유발/완화 요인,trigger_posture,걸으면 더 아파요.
Q0160,통증 유발/완화 요인,trigger_posture,계단 내려갈 때 아픕니다.
Q0160,통증 유발/완화 요인,trigger_posture,허리를 숙이면 통증이 올라와요.
Q0160,통증 유발/완화 요인,trigger_posture,허리를 펴면 조금 편합니다.
Q0160,통증 유발/완화 요인,trigger_posture,누우면 좀 괜찮아져요.
Q0160,통증 유발/완화 요인,trigger_posture,가만히 있으면 괜찮아요.
Q0160,통증 유발/완화 요인,trigger_posture,움직이면 더 아파요.
Q0160,통증 유발/완화 요인,trigger_posture,기침하면 허리까지 울립니다.
Q0160,통증 유발/완화 요인,trigger_posture,고개를 돌리면 목이 아픕니다.
Q0160,통증 유발/완화 요인,trigger_posture,팔을 올리면 어깨가 아파요.
Q0160,통증 유발/완화 요인,trigger_posture,쪼그려 앉으면 무릎이 아파요.
Q0160,통증 유발/완화 요인,trigger_posture,운전하고 나면 허리가 뻐근합니다.
Q0160,통증 유발/완화 요인,trigger_posture,아침에 일어날 때 더 아파요.
Q0161,통증 유발/완화 요인,trigger_posture,앉아 있으면 더 아픕니다.
Q0161,통증 유발/완화 요인,trigger_posture,오래 서 있으면 심해져요.
Q0161,통증 유발/완화 요인,trigger_posture,걸으면 더 아파요.
Q0161,통증 유발/완화 요인,trigger_posture,계단 내려갈 때 아픕니다.
Q0161,통증 유발/완화 요인,trigger_posture,허리를 숙이면 통증이 올라와요.
Q0161,통증 유발/완화 요인,trigger_posture,허리를 펴면 조금 편합니다.
Q0161,통증 유발/완화 요인,trigger_posture,누우면 좀 괜찮아져요.
Q0161,통증 유발/완화 요인,trigger_posture,가만히 있으면 괜찮아요.
Q0161,통증 유발/완화 요인,trigger_posture,움직이면 더 아파요.
Q0161,통증 유발/완화 요인,trigger_posture,기침하면 허리까지 울립니다.
Q0161,통증 유발/완화 요인,trigger_posture,고개를 돌리면 목이 아픕니다.
Q0161,통증 유발/완화 요인,trigger_posture,팔을 올리면 어깨가 아파요.
Q0161,통증 유발/완화 요인,trigger_posture,쪼그려 앉으면 무릎이 아파요.
Q0161,통증 유발/완화 요인,trigger_posture,운전하고 나면 허리가 뻐근합니다.
Q0161,통증 유발/완화 요인,trigger_posture,아침에 일어날 때 더 아파요.
Q0162,통증 유발/완화 요인,treatment_effect,약 먹으면 조금 줄어요.
Q0162,통증 유발/완화 요인,treatment_effect,주사 맞고 일주일은 괜찮았어요.
Q0162,통증 유발/완화 요인,treatment_effect,물리치료 후에는 잠깐 좋아져요.
Q0162,통증 유발/완화 요인,treatment_effect,치료해도 별로 변화 없었습니다.
Q0162,통증 유발/완화 요인,treatment_effect,운동하면 오히려 심해져요.
Q0162,통증 유발/완화 요인,treatment_effect,쉬면 나아집니다.
Q0162,통증 유발/완화 요인,treatment_effect,찜질하면 편합니다.
Q0162,통증 유발/완화 요인,treatment_effect,약 효과는 잘 모르겠습니다.
Q0163,통증 유발/완화 요인,treatment_effect,약 먹으면 조금 줄어요.
Q0163,통증 유발/완화 요인,treatment_effect,주사 맞고 일주일은 괜찮았어요.
Q0163,통증 유발/완화 요인,treatment_effect,물리치료 후에는 잠깐 좋아져요.
Q0163,통증 유발/완화 요인,treatment_effect,치료해도 별로 변화 없었습니다.
Q0163,통증 유발/완화 요인,treatment_effect,운동하면 오히려 심해져요.
Q0163,통증 유발/완화 요인,treatment_effect,쉬면 나아집니다.
Q0163,통증 유발/완화 요인,treatment_effect,찜질하면 편합니다.
Q0163,통증 유발/완화 요인,treatment_effect,약 효과는 잘 모르겠습니다.
Q0164,통증 유발/완화 요인,treatment_effect,약 먹으면 조금 줄어요.
Q0164,통증 유발/완화 요인,treatment_effect,주사 맞고 일주일은 괜찮았어요.
Q0164,통증 유발/완화 요인,treatment_effect,물리치료 후에는 잠깐 좋아져요.
Q0164,통증 유발/완화 요인,treatment_effect,치료해도 별로 변화 없었습니다.
Q0164,통증 유발/완화 요인,treatment_effect,운동하면 오히려 심해져요.
Q0164,통증 유발/완화 요인,treatment_effect,쉬면 나아집니다.
Q0164,통증 유발/완화 요인,treatment_effect,찜질하면 편합니다.
Q0164,통증 유발/완화 요인,treatment_effect,약 효과는 잘 모르겠습니다.
Q0165,통증 유발/완화 요인,dental_trigger,찬물 마시면 시립니다.
Q0165,통증 유발/완화 요인,dental_trigger,음식 씹을 때 통증이 심해요.
Q0165,통증 유발/완화 요인,dental_trigger,딱딱한 걸 씹으면 아파요.
Q0165,통증 유발/완화 요인,dental_trigger,입을 크게 벌리면 아픕니다.
Q0165,통증 유발/완화 요인,dental_trigger,가만히 있을 때는 괜찮아요.
Q0165,통증 유발/완화 요인,dental_trigger,따뜻한 물은 괜찮습니다.
Q0165,통증 유발/완화 요인,dental_trigger,찬바람 맞으면 시려요.
Q0165,통증 유발/완화 요인,dental_trigger,오른쪽으로 씹을 때 아픕니다.
Q0166,통증 유발/완화 요인,dental_trigger,찬물 마시면 시립니다.
Q0166,통증 유발/완화 요인,dental_trigger,음식 씹을 때 통증이 심해요.
Q0166,통증 유발/완화 요인,dental_trigger,딱딱한 걸 씹으면 아파요.
Q0166,통증 유발/완화 요인,dental_trigger,입을 크게 벌리면 아픕니다.
Q0166,통증 유발/완화 요인,dental_trigger,가만히 있을 때는 괜찮아요.
Q0166,통증 유발/완화 요인,dental_trigger,따뜻한 물은 괜찮습니다.
Q0166,통증 유발/완화 요인,dental_trigger,찬바람 맞으면 시려요.
Q0166,통증 유발/완화 요인,dental_trigger,오른쪽으로 씹을 때 아픕니다.
Q0167,통증 동반증상,associated,다리가 저려요.
Q0167,통증 동반증상,associated,발목 힘이 빠집니다.
Q0167,통증 동반증상,associated,감각이 둔합니다.
Q0167,통증 동반증상,associated,발이 붓습니다.
Q0167,통증 동반증상,associated,열감이 있어요.
Q0167,통증 동반증상,associated,어지럽고 울렁거려요.
Q0167,통증 동반증상,associated,구역질이 납니다.
Q0167,통증 동반증상,associated,식은땀이 나요.
Q0167,통증 동반증상,associated,다른 증상은 없어요.
Q0167,통증 동반증상,associated,무릎 관절도 같이 아파요.
Q0167,통증 동반증상,associated,팔까지 저립니다.
Q0167,통증 동반증상,associated,손이 저리고 힘이 빠져요.
Q0167,통증 동반증상,associated,발가락 감각이 이상합니다.
Q0167,통증 동반증상,associated,소변 보기가 불편합니다.
Q0167,통증 동반증상,associated,대변 조절이 어렵습니다.
Q0168,통증 동반증상,associated,다리가 저려요.
Q0168,통증 동반증상,associated,발목 힘이 빠집니다.
Q0168,통증 동반증상,associated,감각이 둔합니다.
Q0168,통증 동반증상,associated,발이 붓습니다.
Q0168,통증 동반증상,associated,열감이 있어요.
Q0168,통증 동반증상,associated,어지럽고 울렁거려요.
Q0168,통증 동반증상,associated,구역질이 납니다.
Q0168,통증 동반증상,associated,식은땀이 나요.
Q0168,통증 동반증상,associated,다른 증상은 없어요.
Q0168,통증 동반증상,associated,무릎 관절도 같이 아파요.
Q0168,통증 동반증상,associated,팔까지 저립니다.
Q0168,통증 동반증상,associated,손이 저리고 힘이 빠져요.
Q0168,통증 동반증상,associated,발가락 감각이 이상합니다.
Q0168,통증 동반증상,associated,소변 보기가 불편합니다.
Q0168,통증 동반증상,associated,대변 조절이 어렵습니다.
Q0169,통증 동반증상,neuro_weakness,가끔 힘이 빠집니다.
Q0169,통증 동반증상,neuro_weakness,발목에 힘이 잘 안 들어가요.
Q0169,통증 동반증상,neuro_weakness,까치발이 어렵습니다.
Q0169,통증 동반증상,neuro_weakness,발뒤꿈치로 걷기 힘듭니다.
Q0169,통증 동반증상,neuro_weakness,손에 힘이 빠져 물건을 놓칩니다.
Q0169,통증 동반증상,neuro_weakness,계단 오를 때 다리가 풀립니다.
Q0169,통증 동반증상,neuro_weakness,힘 빠지는 느낌은 없어요.
Q0169,통증 동반증상,neuro_weakness,오래 걸으면 다리에 힘이 빠져요.
Q0170,통증 동반증상,neuro_weakness,가끔 힘이 빠집니다.
Q0170,통증 동반증상,neuro_weakness,발목에 힘이 잘 안 들어가요.
Q0170,통증 동반증상,neuro_weakness,까치발이 어렵습니다.
Q0170,통증 동반증상,neuro_weakness,발뒤꿈치로 걷기 힘듭니다.
Q0170,통증 동반증상,neuro_weakness,손에 힘이 빠져 물건을 놓칩니다.
Q0170,통증 동반증상,neuro_weakness,계단 오를 때 다리가 풀립니다.
Q0170,통증 동반증상,neuro_weakness,힘 빠지는 느낌은 없어요.
Q0170,통증 동반증상,neuro_weakness,오래 걸으면 다리에 힘이 빠져요.
Q0171,통증 동반증상,neuro_weakness,가끔 힘이 빠집니다.
Q0171,통증 동반증상,neuro_weakness,발목에 힘이 잘 안 들어가요.
Q0171,통증 동반증상,neuro_weakness,까치발이 어렵습니다.
Q0171,통증 동반증상,neuro_weakness,발뒤꿈치로 걷기 힘듭니다.
Q0171,통증 동반증상,neuro_weakness,손에 힘이 빠져 물건을 놓칩니다.
Q0171,통증 동반증상,neuro_weakness,계단 오를 때 다리가 풀립니다.
Q0171,통증 동반증상,neuro_weakness,힘 빠지는 느낌은 없어요.
Q0171,통증 동반증상,neuro_weakness,오래 걸으면 다리에 힘이 빠져요.
Q0172,통증 동반증상,associated,다리가 저려요.
Q0172,통증 동반증상,associated,발목 힘이 빠집니다.
Q0172,통증 동반증상,associated,감각이 둔합니다.
Q0172,통증 동반증상,associated,발이 붓습니다.
Q0172,통증 동반증상,associated,열감이 있어요.
Q0172,통증 동반증상,associated,어지럽고 울렁거려요.
Q0172,통증 동반증상,associated,구역질이 납니다.
Q0172,통증 동반증상,associated,식은땀이 나요.
Q0172,통증 동반증상,associated,다른 증상은 없어요.
Q0172,통증 동반증상,associated,무릎 관절도 같이 아파요.
Q0172,통증 동반증상,associated,팔까지 저립니다.
Q0172,통증 동반증상,associated,손이 저리고 힘이 빠져요.
Q0172,통증 동반증상,associated,발가락 감각이 이상합니다.
Q0172,통증 동반증상,associated,소변 보기가 불편합니다.
Q0172,통증 동반증상,associated,대변 조절이 어렵습니다.
Q0173,통증 동반증상,associated,다리가 저려요.
Q0173,통증 동반증상,associated,발목 힘이 빠집니다.
Q0173,통증 동반증상,associated,감각이 둔합니다.
Q0173,통증 동반증상,associated,발이 붓습니다.
Q0173,통증 동반증상,associated,열감이 있어요.
Q0173,통증 동반증상,associated,어지럽고 울렁거려요.
Q0173,통증 동반증상,associated,구역질이 납니다.
Q0173,통증 동반증상,associated,식은땀이 나요.
Q0173,통증 동반증상,associated,다른 증상은 없어요.
Q0173,통증 동반증상,associated,무릎 관절도 같이 아파요.
Q0173,통증 동반증상,associated,팔까지 저립니다.
Q0173,통증 동반증상,associated,손이 저리고 힘이 빠져요.
Q0173,통증 동반증상,associated,발가락 감각이 이상합니다.
Q0173,통증 동반증상,associated,소변 보기가 불편합니다.
Q0173,통증 동반증상,associated,대변 조절이 어렵습니다.
Q0174,통증 동반증상,associated,다리가 저려요.
Q0174,통증 동반증상,associated,발목 힘이 빠집니다.
Q0174,통증 동반증상,associated,감각이 둔합니다.
Q0174,통증 동반증상,associated,발이 붓습니다.
Q0174,통증 동반증상,associated,열감이 있어요.
Q0174,통증 동반증상,associated,어지럽고 울렁거려요.
Q0174,통증 동반증상,associated,구역질이 납니다.
Q0174,통증 동반증상,associated,식은땀이 나요.
Q0174,통증 동반증상,associated,다른 증상은 없어요.
Q0174,통증 동반증상,associated,무릎 관절도 같이 아파요.
Q0174,통증 동반증상,associated,팔까지 저립니다.
Q0174,통증 동반증상,associated,손이 저리고 힘이 빠져요.
Q0174,통증 동반증상,associated,발가락 감각이 이상합니다.
Q0174,통증 동반증상,associated,소변 보기가 불편합니다.
Q0174,통증 동반증상,associated,대변 조절이 어렵습니다.
Q0175,통증 동반증상,red_flag,열이 납니다.
Q0175,통증 동반증상,red_flag,최근 체중이 줄었습니다.
Q0175,통증 동반증상,red_flag,밤에 식은땀이 납니다.
Q0175,통증 동반증상,red_flag,암 치료받은 적이 있습니다.
Q0175,통증 동반증상,red_flag,소변 조절이 어렵습니다.
Q0175,통증 동반증상,red_flag,대변 조절이 어렵습니다.
Q0175,통증 동반증상,red_flag,회음부 감각이 둔합니다.
Q0175,통증 동반증상,red_flag,갑자기 마비가 왔습니다.
Q0175,통증 동반증상,red_flag,고열은 없습니다.
Q0175,통증 동반증상,red_flag,체중 변화는 없습니다.
Q0176,통증 동반증상,red_flag,열이 납니다.
Q0176,통증 동반증상,red_flag,최근 체중이 줄었습니다.
Q0176,통증 동반증상,red_flag,밤에 식은땀이 납니다.
Q0176,통증 동반증상,red_flag,암 치료받은 적이 있습니다.
Q0176,통증 동반증상,red_flag,소변 조절이 어렵습니다.
Q0176,통증 동반증상,red_flag,대변 조절이 어렵습니다.
Q0176,통증 동반증상,red_flag,회음부 감각이 둔합니다.
Q0176,통증 동반증상,red_flag,갑자기 마비가 왔습니다.
Q0176,통증 동반증상,red_flag,고열은 없습니다.
Q0176,통증 동반증상,red_flag,체중 변화는 없습니다.
Q0177,통증 동반증상,red_flag,열이 납니다.
Q0177,통증 동반증상,red_flag,최근 체중이 줄었습니다.
Q0177,통증 동반증상,red_flag,밤에 식은땀이 납니다.
Q0177,통증 동반증상,red_flag,암 치료받은 적이 있습니다.
Q0177,통증 동반증상,red_flag,소변 조절이 어렵습니다.
Q0177,통증 동반증상,red_flag,대변 조절이 어렵습니다.
Q0177,통증 동반증상,red_flag,회음부 감각이 둔합니다.
Q0177,통증 동반증상,red_flag,갑자기 마비가 왔습니다.
Q0177,통증 동반증상,red_flag,고열은 없습니다.
Q0177,통증 동반증상,red_flag,체중 변화는 없습니다.
Q0178,통증 동반증상,red_flag,열이 납니다.
Q0178,통증 동반증상,red_flag,최근 체중이 줄었습니다.
Q0178,통증 동반증상,red_flag,밤에 식은땀이 납니다.
Q0178,통증 동반증상,red_flag,암 치료받은 적이 있습니다.
Q0178,통증 동반증상,red_flag,소변 조절이 어렵습니다.
Q0178,통증 동반증상,red_flag,대변 조절이 어렵습니다.
Q0178,통증 동반증상,red_flag,회음부 감각이 둔합니다.
Q0178,통증 동반증상,red_flag,갑자기 마비가 왔습니다.
Q0178,통증 동반증상,red_flag,고열은 없습니다.
Q0178,통증 동반증상,red_flag,체중 변화는 없습니다.
Q0179,통증 동반증상,red_flag,열이 납니다.
Q0179,통증 동반증상,red_flag,최근 체중이 줄었습니다.
Q0179,통증 동반증상,red_flag,밤에 식은땀이 납니다.
Q0179,통증 동반증상,red_flag,암 치료받은 적이 있습니다.
Q0179,통증 동반증상,red_flag,소변 조절이 어렵습니다.
Q0179,통증 동반증상,red_flag,대변 조절이 어렵습니다.
Q0179,통증 동반증상,red_flag,회음부 감각이 둔합니다.
Q0179,통증 동반증상,red_flag,갑자기 마비가 왔습니다.
Q0179,통증 동반증상,red_flag,고열은 없습니다.
Q0179,통증 동반증상,red_flag,체중 변화는 없습니다.
Q0180,통증 시간대/상황별 변화,time_variation,아침에 일어날 때 더 아파요.
Q0180,통증 시간대/상황별 변화,time_variation,저녁에 더 심해집니다.
Q0180,통증 시간대/상황별 변화,time_variation,밤에 특히 욱신거려요.
Q0180,통증 시간대/상황별 변화,time_variation,자다가 아파서 깹니다.
Q0180,통증 시간대/상황별 변화,time_variation,오후부터 심해져요.
Q0180,통증 시간대/상황별 변화,time_variation,하루 종일 비슷합니다.
Q0180,통증 시간대/상황별 변화,time_variation,앉았다 일어설 때 아파요.
Q0180,통증 시간대/상황별 변화,time_variation,활동하고 나면 저녁에 심합니다.
Q0180,통증 시간대/상황별 변화,time_variation,일어나서 움직이면 조금 풀립니다.
Q0180,통증 시간대/상황별 변화,time_variation,날씨가 추우면 더 아파요.
Q0181,통증 시간대/상황별 변화,time_variation,아침에 일어날 때 더 아파요.
Q0181,통증 시간대/상황별 변화,time_variation,저녁에 더 심해집니다.
Q0181,통증 시간대/상황별 변화,time_variation,밤에 특히 욱신거려요.
Q0181,통증 시간대/상황별 변화,time_variation,자다가 아파서 깹니다.
Q0181,통증 시간대/상황별 변화,time_variation,오후부터 심해져요.
Q0181,통증 시간대/상황별 변화,time_variation,하루 종일 비슷합니다.
Q0181,통증 시간대/상황별 변화,time_variation,앉았다 일어설 때 아파요.
Q0181,통증 시간대/상황별 변화,time_variation,활동하고 나면 저녁에 심합니다.
Q0181,통증 시간대/상황별 변화,time_variation,일어나서 움직이면 조금 풀립니다.
Q0181,통증 시간대/상황별 변화,time_variation,날씨가 추우면 더 아파요.
Q0182,통증 시간대/상황별 변화,time_variation,아침에 일어날 때 더 아파요.
Q0182,통증 시간대/상황별 변화,time_variation,저녁에 더 심해집니다.
Q0182,통증 시간대/상황별 변화,time_variation,밤에 특히 욱신거려요.
Q0182,통증 시간대/상황별 변화,time_variation,자다가 아파서 깹니다.
Q0182,통증 시간대/상황별 변화,time_variation,오후부터 심해져요.
Q0182,통증 시간대/상황별 변화,time_variation,하루 종일 비슷합니다.
Q0182,통증 시간대/상황별 변화,time_variation,앉았다 일어설 때 아파요.
Q0182,통증 시간대/상황별 변화,time_variation,활동하고 나면 저녁에 심합니다.
Q0182,통증 시간대/상황별 변화,time_variation,일어나서 움직이면 조금 풀립니다.
Q0182,통증 시간대/상황별 변화,time_variation,날씨가 추우면 더 아파요.
Q0183,통증 시간대/상황별 변화,time_variation,아침에 일어날 때 더 아파요.
Q0183,통증 시간대/상황별 변화,time_variation,저녁에 더 심해집니다.
Q0183,통증 시간대/상황별 변화,time_variation,밤에 특히 욱신거려요.
Q0183,통증 시간대/상황별 변화,time_variation,자다가 아파서 깹니다.
Q0183,통증 시간대/상황별 변화,time_variation,오후부터 심해져요.
Q0183,통증 시간대/상황별 변화,time_variation,하루 종일 비슷합니다.
Q0183,통증 시간대/상황별 변화,time_variation,앉았다 일어설 때 아파요.
Q0183,통증 시간대/상황별 변화,time_variation,활동하고 나면 저녁에 심합니다.
Q0183,통증 시간대/상황별 변화,time_variation,일어나서 움직이면 조금 풀립니다.
Q0183,통증 시간대/상황별 변화,time_variation,날씨가 추우면 더 아파요.
Q0184,통증 시간대/상황별 변화,time_variation,아침에 일어날 때 더 아파요.
Q0184,통증 시간대/상황별 변화,time_variation,저녁에 더 심해집니다.
Q0184,통증 시간대/상황별 변화,time_variation,밤에 특히 욱신거려요.
Q0184,통증 시간대/상황별 변화,time_variation,자다가 아파서 깹니다.
Q0184,통증 시간대/상황별 변화,time_variation,오후부터 심해져요.
Q0184,통증 시간대/상황별 변화,time_variation,하루 종일 비슷합니다.
Q0184,통증 시간대/상황별 변화,time_variation,앉았다 일어설 때 아파요.
Q0184,통증 시간대/상황별 변화,time_variation,활동하고 나면 저녁에 심합니다.
Q0184,통증 시간대/상황별 변화,time_variation,일어나서 움직이면 조금 풀립니다.
Q0184,통증 시간대/상황별 변화,time_variation,날씨가 추우면 더 아파요.
Q0185,통증 시간대/상황별 변화,function,걷기 힘듭니다.
Q0185,통증 시간대/상황별 변화,function,계단 내려갈 때 힘들어요.
Q0185,통증 시간대/상황별 변화,function,양말 신기가 어렵습니다.
Q0185,통증 시간대/상황별 변화,function,운전하면 허리가 아파요.
Q0185,통증 시간대/상황별 변화,function,집안일을 못 하겠습니다.
Q0185,통증 시간대/상황별 변화,function,오래 앉아 있기가 어렵습니다.
Q0185,통증 시간대/상황별 변화,function,서서 일하기 힘들어요.
Q0185,통증 시간대/상황별 변화,function,일상생활은 가능합니다.
Q0185,통증 시간대/상황별 변화,function,걷는 거리는 줄었습니다.
Q0185,통증 시간대/상황별 변화,function,통증 때문에 일을 쉬었습니다.
Q0186,통증 시간대/상황별 변화,function,걷기 힘듭니다.
Q0186,통증 시간대/상황별 변화,function,계단 내려갈 때 힘들어요.
Q0186,통증 시간대/상황별 변화,function,양말 신기가 어렵습니다.
Q0186,통증 시간대/상황별 변화,function,운전하면 허리가 아파요.
Q0186,통증 시간대/상황별 변화,function,집안일을 못 하겠습니다.
Q0186,통증 시간대/상황별 변화,function,오래 앉아 있기가 어렵습니다.
Q0186,통증 시간대/상황별 변화,function,서서 일하기 힘들어요.
Q0186,통증 시간대/상황별 변화,function,일상생활은 가능합니다.
Q0186,통증 시간대/상황별 변화,function,걷는 거리는 줄었습니다.
Q0186,통증 시간대/상황별 변화,function,통증 때문에 일을 쉬었습니다.
Q0187,통증 시간대/상황별 변화,function,걷기 힘듭니다.
Q0187,통증 시간대/상황별 변화,function,계단 내려갈 때 힘들어요.
Q0187,통증 시간대/상황별 변화,function,양말 신기가 어렵습니다.
Q0187,통증 시간대/상황별 변화,function,운전하면 허리가 아파요.
Q0187,통증 시간대/상황별 변화,function,집안일을 못 하겠습니다.
Q0187,통증 시간대/상황별 변화,function,오래 앉아 있기가 어렵습니다.
Q0187,통증 시간대/상황별 변화,function,서서 일하기 힘들어요.
Q0187,통증 시간대/상황별 변화,function,일상생활은 가능합니다.
Q0187,통증 시간대/상황별 변화,function,걷는 거리는 줄었습니다.
Q0187,통증 시간대/상황별 변화,function,통증 때문에 일을 쉬었습니다.
Q0188,통증 지속성/패턴,pattern,계속 아파요.
Q0188,통증 지속성/패턴,pattern,하루 종일 아픕니다.
Q0188,통증 지속성/패턴,pattern,왔다 갔다 해요.
Q0188,통증 지속성/패턴,pattern,아팠다 안 아팠다 합니다.
Q0188,통증 지속성/패턴,pattern,가끔씩 심해져요.
Q0188,통증 지속성/패턴,pattern,밤마다 반복됩니다.
Q0188,통증 지속성/패턴,pattern,일정하게 계속 아픕니다.
Q0188,통증 지속성/패턴,pattern,움직일 때만 아파요.
Q0188,통증 지속성/패턴,pattern,한 번 아프면 오래 갑니다.
Q0188,통증 지속성/패턴,pattern,최근에는 점점 심해져요.
Q0189,통증 지속성/패턴,pattern,계속 아파요.
Q0189,통증 지속성/패턴,pattern,하루 종일 아픕니다.
Q0189,통증 지속성/패턴,pattern,왔다 갔다 해요.
Q0189,통증 지속성/패턴,pattern,아팠다 안 아팠다 합니다.
Q0189,통증 지속성/패턴,pattern,가끔씩 심해져요.
Q0189,통증 지속성/패턴,pattern,밤마다 반복됩니다.
Q0189,통증 지속성/패턴,pattern,일정하게 계속 아픕니다.
Q0189,통증 지속성/패턴,pattern,움직일 때만 아파요.
Q0189,통증 지속성/패턴,pattern,한 번 아프면 오래 갑니다.
Q0189,통증 지속성/패턴,pattern,최근에는 점점 심해져요.
Q0190,통증 지속성/패턴,pattern,계속 아파요.
Q0190,통증 지속성/패턴,pattern,하루 종일 아픕니다.
Q0190,통증 지속성/패턴,pattern,왔다 갔다 해요.
Q0190,통증 지속성/패턴,pattern,아팠다 안 아팠다 합니다.
Q0190,통증 지속성/패턴,pattern,가끔씩 심해져요.
Q0190,통증 지속성/패턴,pattern,밤마다 반복됩니다.
Q0190,통증 지속성/패턴,pattern,일정하게 계속 아픕니다.
Q0190,통증 지속성/패턴,pattern,움직일 때만 아파요.
Q0190,통증 지속성/패턴,pattern,한 번 아프면 오래 갑니다.
Q0190,통증 지속성/패턴,pattern,최근에는 점점 심해져요.
Q0191,통증 지속성/패턴,duration,한 번 아프면 10분 정도 갑니다.
Q0191,통증 지속성/패턴,duration,보통 30분 정도 지속됩니다.
Q0191,통증 지속성/패턴,duration,몇 시간씩 갑니다.
Q0191,통증 지속성/패턴,duration,하루 종일 이어져요.
Q0191,통증 지속성/패턴,duration,잠깐 아팠다가 사라집니다.
Q0191,통증 지속성/패턴,duration,한참 가다가 쉬면 줄어듭니다.
Q0191,통증 지속성/패턴,duration,밤새 계속됩니다.
Q0191,통증 지속성/패턴,duration,움직이는 동안만 아파요.
Q0192,통증 지속성/패턴,duration,한 번 아프면 10분 정도 갑니다.
Q0192,통증 지속성/패턴,duration,보통 30분 정도 지속됩니다.
Q0192,통증 지속성/패턴,duration,몇 시간씩 갑니다.
Q0192,통증 지속성/패턴,duration,하루 종일 이어져요.
Q0192,통증 지속성/패턴,duration,잠깐 아팠다가 사라집니다.
Q0192,통증 지속성/패턴,duration,한참 가다가 쉬면 줄어듭니다.
Q0192,통증 지속성/패턴,duration,밤새 계속됩니다.
Q0192,통증 지속성/패턴,duration,움직이는 동안만 아파요.
Q0193,통증 지속성/패턴,frequency,하루에 한두 번 옵니다.
Q0193,통증 지속성/패턴,frequency,일주일에 두세 번 생겨요.
Q0193,통증 지속성/패턴,frequency,매일 있습니다.
Q0193,통증 지속성/패턴,frequency,밤마다 옵니다.
Q0193,통증 지속성/패턴,frequency,계단 오를 때마다 아파요.
Q0193,통증 지속성/패턴,frequency,가끔 생각날 정도입니다.
Q0193,통증 지속성/패턴,frequency,요즘은 자주 옵니다.
Q0193,통증 지속성/패턴,frequency,한 달에 한 번 정도입니다.
Q0194,통증 지속성/패턴,frequency,하루에 한두 번 옵니다.
Q0194,통증 지속성/패턴,frequency,일주일에 두세 번 생겨요.
Q0194,통증 지속성/패턴,frequency,매일 있습니다.
Q0194,통증 지속성/패턴,frequency,밤마다 옵니다.
Q0194,통증 지속성/패턴,frequency,계단 오를 때마다 아파요.
Q0194,통증 지속성/패턴,frequency,가끔 생각날 정도입니다.
Q0194,통증 지속성/패턴,frequency,요즘은 자주 옵니다.
Q0194,통증 지속성/패턴,frequency,한 달에 한 번 정도입니다.
Q0195,과거질환,history,특별한 병은 없어요.
Q0195,과거질환,history,고혈압이 있습니다.
Q0195,과거질환,history,당뇨가 있습니다.
Q0195,과거질환,history,고혈압약을 먹고 있습니다.
Q0195,과거질환,history,당뇨약을 복용 중입니다.
Q0195,과거질환,history,예전에 결핵을 앓았습니다.
Q0195,과거질환,history,간염 진단받은 적 있습니다.
Q0195,과거질환,history,심장질환으로 진료받고 있습니다.
Q0195,과거질환,history,신장질환이 있습니다.
Q0195,과거질환,history,골다공증이 있습니다.
Q0195,과거질환,history,암 치료받은 적이 있습니다.
Q0195,과거질환,history,류마티스 관절염이 있습니다.
Q0196,과거질환,history,특별한 병은 없어요.
Q0196,과거질환,history,고혈압이 있습니다.
Q0196,과거질환,history,당뇨가 있습니다.
Q0196,과거질환,history,고혈압약을 먹고 있습니다.
Q0196,과거질환,history,당뇨약을 복용 중입니다.
Q0196,과거질환,history,예전에 결핵을 앓았습니다.
Q0196,과거질환,history,간염 진단받은 적 있습니다.
Q0196,과거질환,history,심장질환으로 진료받고 있습니다.
Q0196,과거질환,history,신장질환이 있습니다.
Q0196,과거질환,history,골다공증이 있습니다.
Q0196,과거질환,history,암 치료받은 적이 있습니다.
Q0196,과거질환,history,류마티스 관절염이 있습니다.
Q0197,과거질환,history,특별한 병은 없어요.
Q0197,과거질환,history,고혈압이 있습니다.
Q0197,과거질환,history,당뇨가 있습니다.
Q0197,과거질환,history,고혈압약을 먹고 있습니다.
Q0197,과거질환,history,당뇨약을 복용 중입니다.
Q0197,과거질환,history,예전에 결핵을 앓았습니다.
Q0197,과거질환,history,간염 진단받은 적 있습니다.
Q0197,과거질환,history,심장질환으로 진료받고 있습니다.
Q0197,과거질환,history,신장질환이 있습니다.
Q0197,과거질환,history,골다공증이 있습니다.
Q0197,과거질환,history,암 치료받은 적이 있습니다.
Q0197,과거질환,history,류마티스 관절염이 있습니다.
Q0198,과거질환,history,특별한 병은 없어요.
Q0198,과거질환,history,고혈압이 있습니다.
Q0198,과거질환,history,당뇨가 있습니다.
Q0198,과거질환,history,고혈압약을 먹고 있습니다.
Q0198,과거질환,history,당뇨약을 복용 중입니다.
Q0198,과거질환,history,예전에 결핵을 앓았습니다.
Q0198,과거질환,history,간염 진단받은 적 있습니다.
Q0198,과거질환,history,심장질환으로 진료받고 있습니다.
Q0198,과거질환,history,신장질환이 있습니다.
Q0198,과거질환,history,골다공증이 있습니다.
Q0198,과거질환,history,암 치료받은 적이 있습니다.
Q0198,과거질환,history,류마티스 관절염이 있습니다.
Q0199,과거질환,history,특별한 병은 없어요.
Q0199,과거질환,history,고혈압이 있습니다.
Q0199,과거질환,history,당뇨가 있습니다.
Q0199,과거질환,history,고혈압약을 먹고 있습니다.
Q0199,과거질환,history,당뇨약을 복용 중입니다.
Q0199,과거질환,history,예전에 결핵을 앓았습니다.
Q0199,과거질환,history,간염 진단받은 적 있습니다.
Q0199,과거질환,history,심장질환으로 진료받고 있습니다.
Q0199,과거질환,history,신장질환이 있습니다.
Q0199,과거질환,history,골다공증이 있습니다.
Q0199,과거질환,history,암 치료받은 적이 있습니다.
Q0199,과거질환,history,류마티스 관절염이 있습니다.
Q0200,과거질환,history,특별한 병은 없어요.
Q0200,과거질환,history,고혈압이 있습니다.
Q0200,과거질환,history,당뇨가 있습니다.
Q0200,과거질환,history,고혈압약을 먹고 있습니다.
Q0200,과거질환,history,당뇨약을 복용 중입니다.
Q0200,과거질환,history,예전에 결핵을 앓았습니다.
Q0200,과거질환,history,간염 진단받은 적 있습니다.
Q0200,과거질환,history,심장질환으로 진료받고 있습니다.
Q0200,과거질환,history,신장질환이 있습니다.
Q0200,과거질환,history,골다공증이 있습니다.
Q0200,과거질환,history,암 치료받은 적이 있습니다.
Q0200,과거질환,history,류마티스 관절염이 있습니다.
Q0201,과거질환,history,특별한 병은 없어요.
Q0201,과거질환,history,고혈압이 있습니다.
Q0201,과거질환,history,당뇨가 있습니다.
Q0201,과거질환,history,고혈압약을 먹고 있습니다.
Q0201,과거질환,history,당뇨약을 복용 중입니다.
Q0201,과거질환,history,예전에 결핵을 앓았습니다.
Q0201,과거질환,history,간염 진단받은 적 있습니다.
Q0201,과거질환,history,심장질환으로 진료받고 있습니다.
Q0201,과거질환,history,신장질환이 있습니다.
Q0201,과거질환,history,골다공증이 있습니다.
Q0201,과거질환,history,암 치료받은 적이 있습니다.
Q0201,과거질환,history,류마티스 관절염이 있습니다.
Q0202,약물복용,medication_use,약은 따로 안 먹어요.
Q0202,약물복용,medication_use,진통제를 가끔 먹습니다.
Q0202,약물복용,medication_use,혈압약 먹고 있어요.
Q0202,약물복용,medication_use,당뇨약 복용 중입니다.
Q0202,약물복용,medication_use,한약은 안 먹습니다.
Q0202,약물복용,medication_use,영양제는 먹고 있어요.
Q0202,약물복용,medication_use,항응고제를 복용 중입니다.
Q0202,약물복용,medication_use,아스피린을 먹고 있습니다.
Q0202,약물복용,medication_use,스테로이드는 먹지 않습니다.
Q0202,약물복용,medication_use,필요할 때만 약 먹어요.
Q0203,약물복용,medication_use,약은 따로 안 먹어요.
Q0203,약물복용,medication_use,진통제를 가끔 먹습니다.
Q0203,약물복용,medication_use,혈압약 먹고 있어요.
Q0203,약물복용,medication_use,당뇨약 복용 중입니다.
Q0203,약물복용,medication_use,한약은 안 먹습니다.
Q0203,약물복용,medication_use,영양제는 먹고 있어요.
Q0203,약물복용,medication_use,항응고제를 복용 중입니다.
Q0203,약물복용,medication_use,아스피린을 먹고 있습니다.
Q0203,약물복용,medication_use,스테로이드는 먹지 않습니다.
Q0203,약물복용,medication_use,필요할 때만 약 먹어요.
Q0204,약물복용,medication_use,약은 따로 안 먹어요.
Q0204,약물복용,medication_use,진통제를 가끔 먹습니다.
Q0204,약물복용,medication_use,혈압약 먹고 있어요.
Q0204,약물복용,medication_use,당뇨약 복용 중입니다.
Q0204,약물복용,medication_use,한약은 안 먹습니다.
Q0204,약물복용,medication_use,영양제는 먹고 있어요.
Q0204,약물복용,medication_use,항응고제를 복용 중입니다.
Q0204,약물복용,medication_use,아스피린을 먹고 있습니다.
Q0204,약물복용,medication_use,스테로이드는 먹지 않습니다.
Q0204,약물복용,medication_use,필요할 때만 약 먹어요.
Q0205,약물복용,medication_use,약은 따로 안 먹어요.
Q0205,약물복용,medication_use,진통제를 가끔 먹습니다.
Q0205,약물복용,medication_use,혈압약 먹고 있어요.
Q0205,약물복용,medication_use,당뇨약 복용 중입니다.
Q0205,약물복용,medication_use,한약은 안 먹습니다.
Q0205,약물복용,medication_use,영양제는 먹고 있어요.
Q0205,약물복용,medication_use,항응고제를 복용 중입니다.
Q0205,약물복용,medication_use,아스피린을 먹고 있습니다.
Q0205,약물복용,medication_use,스테로이드는 먹지 않습니다.
Q0205,약물복용,medication_use,필요할 때만 약 먹어요.
Q0206,약물복용,medication_use,약은 따로 안 먹어요.
Q0206,약물복용,medication_use,진통제를 가끔 먹습니다.
Q0206,약물복용,medication_use,혈압약 먹고 있어요.
Q0206,약물복용,medication_use,당뇨약 복용 중입니다.
Q0206,약물복용,medication_use,한약은 안 먹습니다.
Q0206,약물복용,medication_use,영양제는 먹고 있어요.
Q0206,약물복용,medication_use,항응고제를 복용 중입니다.
Q0206,약물복용,medication_use,아스피린을 먹고 있습니다.
Q0206,약물복용,medication_use,스테로이드는 먹지 않습니다.
Q0206,약물복용,medication_use,필요할 때만 약 먹어요.
Q0207,알레르기 및 약물반응,adverse_reaction,부작용은 없어요.
Q0207,알레르기 및 약물반응,adverse_reaction,약 먹으면 어지러워요.
Q0207,알레르기 및 약물반응,adverse_reaction,속이 울렁거립니다.
Q0207,알레르기 및 약물반응,adverse_reaction,두드러기가 납니다.
Q0207,알레르기 및 약물반응,adverse_reaction,얼굴이 붓습니다.
Q0207,알레르기 및 약물반응,adverse_reaction,가려움이 생겨요.
Q0207,알레르기 및 약물반응,adverse_reaction,진통제 먹으면 속이 쓰립니다.
Q0207,알레르기 및 약물반응,adverse_reaction,잠이 너무 옵니다.
Q0207,알레르기 및 약물반응,adverse_reaction,통증은 줄었는데 어지러웠어요.
Q0207,알레르기 및 약물반응,adverse_reaction,처음엔 줄다가 다시 심해졌습니다.
Q0208,알레르기 및 약물반응,adverse_reaction,부작용은 없어요.
Q0208,알레르기 및 약물반응,adverse_reaction,약 먹으면 어지러워요.
Q0208,알레르기 및 약물반응,adverse_reaction,속이 울렁거립니다.
Q0208,알레르기 및 약물반응,adverse_reaction,두드러기가 납니다.
Q0208,알레르기 및 약물반응,adverse_reaction,얼굴이 붓습니다.
Q0208,알레르기 및 약물반응,adverse_reaction,가려움이 생겨요.
Q0208,알레르기 및 약물반응,adverse_reaction,진통제 먹으면 속이 쓰립니다.
Q0208,알레르기 및 약물반응,adverse_reaction,잠이 너무 옵니다.
Q0208,알레르기 및 약물반응,adverse_reaction,통증은 줄었는데 어지러웠어요.
Q0208,알레르기 및 약물반응,adverse_reaction,처음엔 줄다가 다시 심해졌습니다.
Q0209,알레르기 및 약물반응,adverse_reaction,부작용은 없어요.
Q0209,알레르기 및 약물반응,adverse_reaction,약 먹으면 어지러워요.
Q0209,알레르기 및 약물반응,adverse_reaction,속이 울렁거립니다.
Q0209,알레르기 및 약물반응,adverse_reaction,두드러기가 납니다.
Q0209,알레르기 및 약물반응,adverse_reaction,얼굴이 붓습니다.
Q0209,알레르기 및 약물반응,adverse_reaction,가려움이 생겨요.
Q0209,알레르기 및 약물반응,adverse_reaction,진통제 먹으면 속이 쓰립니다.
Q0209,알레르기 및 약물반응,adverse_reaction,잠이 너무 옵니다.
Q0209,알레르기 및 약물반응,adverse_reaction,통증은 줄었는데 어지러웠어요.
Q0209,알레르기 및 약물반응,adverse_reaction,처음엔 줄다가 다시 심해졌습니다.
Q0210,알레르기 및 약물반응,adverse_reaction,부작용은 없어요.
Q0210,알레르기 및 약물반응,adverse_reaction,약 먹으면 어지러워요.
Q0210,알레르기 및 약물반응,adverse_reaction,속이 울렁거립니다.
Q0210,알레르기 및 약물반응,adverse_reaction,두드러기가 납니다.
Q0210,알레르기 및 약물반응,adverse_reaction,얼굴이 붓습니다.
Q0210,알레르기 및 약물반응,adverse_reaction,가려움이 생겨요.
Q0210,알레르기 및 약물반응,adverse_reaction,진통제 먹으면 속이 쓰립니다.
Q0210,알레르기 및 약물반응,adverse_reaction,잠이 너무 옵니다.
Q0210,알레르기 및 약물반응,adverse_reaction,통증은 줄었는데 어지러웠어요.
Q0210,알레르기 및 약물반응,adverse_reaction,처음엔 줄다가 다시 심해졌습니다.
Q0211,생활습관,occupation,사무직이라 오래 앉아 있습니다.
Q0211,생활습관,occupation,운전을 오래 합니다.
Q0211,생활습관,occupation,무거운 물건을 자주 듭니다.
Q0211,생활습관,occupation,서서 일하는 시간이 많습니다.
Q0211,생활습관,occupation,반복적으로 손을 많이 씁니다.
Q0211,생활습관,occupation,요즘 운동량이 줄었습니다.
Q0211,생활습관,occupation,운동을 많이 하다가 다쳤습니다.
Q0211,생활습관,occupation,집에서 쉬는 시간이 많습니다.
Q0212,생활습관,occupation,사무직이라 오래 앉아 있습니다.
Q0212,생활습관,occupation,운전을 오래 합니다.
Q0212,생활습관,occupation,무거운 물건을 자주 듭니다.
Q0212,생활습관,occupation,서서 일하는 시간이 많습니다.
Q0212,생활습관,occupation,반복적으로 손을 많이 씁니다.
Q0212,생활습관,occupation,요즘 운동량이 줄었습니다.
Q0212,생활습관,occupation,운동을 많이 하다가 다쳤습니다.
Q0212,생활습관,occupation,집에서 쉬는 시간이 많습니다.
Q0213,생활습관,occupation,사무직이라 오래 앉아 있습니다.
Q0213,생활습관,occupation,운전을 오래 합니다.
Q0213,생활습관,occupation,무거운 물건을 자주 듭니다.
Q0213,생활습관,occupation,서서 일하는 시간이 많습니다.
Q0213,생활습관,occupation,반복적으로 손을 많이 씁니다.
Q0213,생활습관,occupation,요즘 운동량이 줄었습니다.
Q0213,생활습관,occupation,운동을 많이 하다가 다쳤습니다.
Q0213,생활습관,occupation,집에서 쉬는 시간이 많습니다.
Q0214,생활습관,occupation,사무직이라 오래 앉아 있습니다.
Q0214,생활습관,occupation,운전을 오래 합니다.
Q0214,생활습관,occupation,무거운 물건을 자주 듭니다.
Q0214,생활습관,occupation,서서 일하는 시간이 많습니다.
Q0214,생활습관,occupation,반복적으로 손을 많이 씁니다.
Q0214,생활습관,occupation,요즘 운동량이 줄었습니다.
Q0214,생활습관,occupation,운동을 많이 하다가 다쳤습니다.
Q0214,생활습관,occupation,집에서 쉬는 시간이 많습니다.
Q0215,생활습관,occupation,사무직이라 오래 앉아 있습니다.
Q0215,생활습관,occupation,운전을 오래 합니다.
Q0215,생활습관,occupation,무거운 물건을 자주 듭니다.
Q0215,생활습관,occupation,서서 일하는 시간이 많습니다.
Q0215,생활습관,occupation,반복적으로 손을 많이 씁니다.
Q0215,생활습관,occupation,요즘 운동량이 줄었습니다.
Q0215,생활습관,occupation,운동을 많이 하다가 다쳤습니다.
Q0215,생활습관,occupation,집에서 쉬는 시간이 많습니다.
Q0216,생활습관,lifestyle,담배는 안 피워요.
Q0216,생활습관,lifestyle,예전에 피웠는데 끊었습니다.
Q0216,생활습관,lifestyle,하루에 한 갑 정도 피웁니다.
Q0216,생활습관,lifestyle,가끔 담배 피워요.
Q0216,생활습관,lifestyle,술은 거의 안 마셔요.
Q0216,생활습관,lifestyle,소주 반 병 정도 마십니다.
Q0216,생활습관,lifestyle,일주일에 한 번 마십니다.
Q0216,생활습관,lifestyle,매일 술 마셔요.
Q0216,생활습관,lifestyle,술과 담배 둘 다 안 합니다.
Q0216,생활습관,lifestyle,한 달에 두세 번 마십니다.
Q0217,생활습관,lifestyle,담배는 안 피워요.
Q0217,생활습관,lifestyle,예전에 피웠는데 끊었습니다.
Q0217,생활습관,lifestyle,하루에 한 갑 정도 피웁니다.
Q0217,생활습관,lifestyle,가끔 담배 피워요.
Q0217,생활습관,lifestyle,술은 거의 안 마셔요.
Q0217,생활습관,lifestyle,소주 반 병 정도 마십니다.
Q0217,생활습관,lifestyle,일주일에 한 번 마십니다.
Q0217,생활습관,lifestyle,매일 술 마셔요.
Q0217,생활습관,lifestyle,술과 담배 둘 다 안 합니다.
Q0217,생활습관,lifestyle,한 달에 두세 번 마십니다.
Q0218,수술 및 입원 이력,surgery_history,수술 받은 적 없어요.
Q0218,수술 및 입원 이력,surgery_history,입원한 적 없습니다.
Q0218,수술 및 입원 이력,surgery_history,허리 디스크 수술을 했습니다.
Q0218,수술 및 입원 이력,surgery_history,무릎 수술 받은 적 있어요.
Q0218,수술 및 입원 이력,surgery_history,어깨 수술을 했습니다.
Q0218,수술 및 입원 이력,surgery_history,입원해서 치료받았습니다.
Q0218,수술 및 입원 이력,surgery_history,시술은 받아봤어요.
Q0218,수술 및 입원 이력,surgery_history,최근에 수술했습니다.
Q0218,수술 및 입원 이력,surgery_history,오래전에 수술했습니다.
Q0218,수술 및 입원 이력,surgery_history,수술 후에도 통증이 남아 있습니다.
Q0219,수술 및 입원 이력,surgery_time,10년 전에 했습니다.
Q0219,수술 및 입원 이력,surgery_time,작년에 했어요.
Q0219,수술 및 입원 이력,surgery_time,6개월 전입니다.
Q0219,수술 및 입원 이력,surgery_time,한 달 전에 했습니다.
Q0219,수술 및 입원 이력,surgery_time,오래돼서 정확히는 기억 안 납니다.
Q0219,수술 및 입원 이력,surgery_time,최근에는 수술한 적 없습니다.
Q0220,수술 및 입원 이력,exam_history,엑스레이만 찍었습니다.
Q0220,수술 및 입원 이력,exam_history,MRI를 찍었습니다.
Q0220,수술 및 입원 이력,exam_history,CT 검사를 했어요.
Q0220,수술 및 입원 이력,exam_history,초음파 검사를 받았습니다.
Q0220,수술 및 입원 이력,exam_history,검사는 아직 안 했습니다.
Q0220,수술 및 입원 이력,exam_history,디스크라고 들었습니다.
Q0220,수술 및 입원 이력,exam_history,협착증이라고 들었습니다.
Q0220,수술 및 입원 이력,exam_history,큰 이상은 없다고 들었습니다.
Q0221,수술 및 입원 이력,exam_history,엑스레이만 찍었습니다.
Q0221,수술 및 입원 이력,exam_history,MRI를 찍었습니다.
Q0221,수술 및 입원 이력,exam_history,CT 검사를 했어요.
Q0221,수술 및 입원 이력,exam_history,초음파 검사를 받았습니다.
Q0221,수술 및 입원 이력,exam_history,검사는 아직 안 했습니다.
Q0221,수술 및 입원 이력,exam_history,디스크라고 들었습니다.
Q0221,수술 및 입원 이력,exam_history,협착증이라고 들었습니다.
Q0221,수술 및 입원 이력,exam_history,큰 이상은 없다고 들었습니다.
Q0222,치료 방향 설명 및 선택 제안,treatment_choice,주사 맞을게요.
Q0222,치료 방향 설명 및 선택 제안,treatment_choice,약으로 먼저 해볼게요.
Q0222,치료 방향 설명 및 선택 제안,treatment_choice,주사가 더 좋을 것 같아요.
Q0222,치료 방향 설명 및 선택 제안,treatment_choice,약만 먹어 보겠습니다.
Q0222,치료 방향 설명 및 선택 제안,treatment_choice,둘 다 괜찮습니다.
Q0222,치료 방향 설명 및 선택 제안,treatment_choice,일단 설명을 듣고 결정할게요.
Q0222,치료 방향 설명 및 선택 제안,treatment_choice,통증이 심해서 치료해 주세요.
Q0222,치료 방향 설명 및 선택 제안,treatment_choice,오늘은 주사를 맞고 싶어요.
Q0222,치료 방향 설명 및 선택 제안,treatment_choice,약부터 시작하고 싶습니다.
Q0222,치료 방향 설명 및 선택 제안,treatment_choice,스테로이드는 피하고 싶습니다.
Q0223,치료 방향 설명 및 선택 제안,treatment_choice,주사 맞을게요.
Q0223,치료 방향 설명 및 선택 제안,treatment_choice,약으로 먼저 해볼게요.
Q0223,치료 방향 설명 및 선택 제안,treatment_choice,주사가 더 좋을 것 같아요.
Q0223,치료 방향 설명 및 선택 제안,treatment_choice,약만 먹어 보겠습니다.
Q0223,치료 방향 설명 및 선택 제안,treatment_choice,둘 다 괜찮습니다.
Q0223,치료 방향 설명 및 선택 제안,treatment_choice,일단 설명을 듣고 결정할게요.
Q0223,치료 방향 설명 및 선택 제안,treatment_choice,통증이 심해서 치료해 주세요.
Q0223,치료 방향 설명 및 선택 제안,treatment_choice,오늘은 주사를 맞고 싶어요.
Q0223,치료 방향 설명 및 선택 제안,treatment_choice,약부터 시작하고 싶습니다.
Q0223,치료 방향 설명 및 선택 제안,treatment_choice,스테로이드는 피하고 싶습니다.
Q0224,치료 방향 설명 및 선택 제안,treatment_choice,주사 맞을게요.
Q0224,치료 방향 설명 및 선택 제안,treatment_choice,약으로 먼저 해볼게요.
Q0224,치료 방향 설명 및 선택 제안,treatment_choice,주사가 더 좋을 것 같아요.
Q0224,치료 방향 설명 및 선택 제안,treatment_choice,약만 먹어 보겠습니다.
Q0224,치료 방향 설명 및 선택 제안,treatment_choice,둘 다 괜찮습니다.
Q0224,치료 방향 설명 및 선택 제안,treatment_choice,일단 설명을 듣고 결정할게요.
Q0224,치료 방향 설명 및 선택 제안,treatment_choice,통증이 심해서 치료해 주세요.
Q0224,치료 방향 설명 및 선택 제안,treatment_choice,오늘은 주사를 맞고 싶어요.
Q0224,치료 방향 설명 및 선택 제안,treatment_choice,약부터 시작하고 싶습니다.
Q0224,치료 방향 설명 및 선택 제안,treatment_choice,스테로이드는 피하고 싶습니다.
Q0225,치료 방향 설명 및 선택 제안,treatment_choice,주사 맞을게요.
Q0225,치료 방향 설명 및 선택 제안,treatment_choice,약으로 먼저 해볼게요.
Q0225,치료 방향 설명 및 선택 제안,treatment_choice,주사가 더 좋을 것 같아요.
Q0225,치료 방향 설명 및 선택 제안,treatment_choice,약만 먹어 보겠습니다.
Q0225,치료 방향 설명 및 선택 제안,treatment_choice,둘 다 괜찮습니다.
Q0225,치료 방향 설명 및 선택 제안,treatment_choice,일단 설명을 듣고 결정할게요.
Q0225,치료 방향 설명 및 선택 제안,treatment_choice,통증이 심해서 치료해 주세요.
Q0225,치료 방향 설명 및 선택 제안,treatment_choice,오늘은 주사를 맞고 싶어요.
Q0225,치료 방향 설명 및 선택 제안,treatment_choice,약부터 시작하고 싶습니다.
Q0225,치료 방향 설명 및 선택 제안,treatment_choice,스테로이드는 피하고 싶습니다.
Q0226,치료 방향 설명 및 선택 제안,treatment_choice,주사 맞을게요.
Q0226,치료 방향 설명 및 선택 제안,treatment_choice,약으로 먼저 해볼게요.
Q0226,치료 방향 설명 및 선택 제안,treatment_choice,주사가 더 좋을 것 같아요.
Q0226,치료 방향 설명 및 선택 제안,treatment_choice,약만 먹어 보겠습니다.
Q0226,치료 방향 설명 및 선택 제안,treatment_choice,둘 다 괜찮습니다.
Q0226,치료 방향 설명 및 선택 제안,treatment_choice,일단 설명을 듣고 결정할게요.
Q0226,치료 방향 설명 및 선택 제안,treatment_choice,통증이 심해서 치료해 주세요.
Q0226,치료 방향 설명 및 선택 제안,treatment_choice,오늘은 주사를 맞고 싶어요.
Q0226,치료 방향 설명 및 선택 제안,treatment_choice,약부터 시작하고 싶습니다.
Q0226,치료 방향 설명 및 선택 제안,treatment_choice,스테로이드는 피하고 싶습니다.
